"","lakeabv","Analysis","Row","Identifier.1","Comment","Area.44","d.13C.12C","Area.28","d.15N.14N","Identifier","drift.d13C_adj","GA1.temp","GA2.temp","slope.correction","intercept.correction","d13C_VPDB","d13C_drift.VPDB","d15N_air","d15N_air2","run","type","rep","habitat","rock","X","Lake","elev_m","maxdepth_m","WatershedAreaTotal_m2","WatershedAreaofupstreamlakes_m2","Lake_Volume_m3","AddtionalUpstreamVolume_m3","PerimeterLength_m","Area_m2","SDI","Area_ha","IlluminatedBottom_morethan1_ha","MostLightLittoral_morethan50_ha","PerLit_1percentlight","PerLit_50percentofLight","X.Littoral.at.15m","Date.Started","Secchi_m","Rainbow.Trout","Brown.Trout","Total.Fish","Overnight","Notes","Set1","Set2","Set.3","Set4","Hours.net.wet","Minutes","Total.minutes","Total.hours..decimal.","CPUE","X.Elevation_m","Repro","Miles.from.Trailhead","Depth_m","USGS_ReconAlpineLakesReport","Bins","AvgDepth_m","Percent_Littoral","EB","CurrentlyStocked","Has.Natural.Repro","Name_2","Name_3","County","Latitude","Longitude","Elevation_ft","Elevation_m","SizeAcres","Hectares_convertion","Depth_ft","Jurisdiction","Wilderness","CID","GeometryID","kd","kd.below1m","kd.2pt","wateradj","onepercent.kd.2pt","fiftypercent.kd.2pt","onepercent.kd.below1m","fiftypercent.kd.below1m","Totm2overTotm3","Subm2overSubm3","ordered.lit","ordered.depth","ordered.elv","ordered.CPUE","tot.biomass","BMPU"
"1","ANN",18250,12,"PP10_ANN_L4","flake on filter",133.845,-9.879,5.675,-0.599,"PP10_ANN_L4",-9.96015356281416,-18.0973491893686,-2.85519942983364,0.957870131860285,-10.9650897456578,-20.4278887783056,-20.5056233522193,-0.920800437383251,-0.980185185185185,"PP10","L4",NA,"L","4",1,"Annette",1103.376,25.908,1223151.254,0,780443.6107,0,1140.95574,76054.01667,1.167085807,7.605402,7.605402,2.550147,100,33.5307325,70.1,"8/29/2018","8.3",43,0,43,1,"2 salamander in gillnet (alive and released)","2:00p-7:30p","7:30p-9:30a","","",19,30,1170,19.5,2.205128205,1103.376,"Yes",NA,25.908,"N",4,NA,"NULL","","No","NULL","NULL","NULL","King",47.35891021,-121.4742939,3620,1103.376,20.2,8.1746572,85,"Mt. Baker-Snoqualmie National Forest","NULL",98,"L44701",0.177297146083773,0.171400686695528,0.191018851759778,0.859,24.11,3.63,26.87,4.04,1.56725128789628,1.56725128789628,"Annette","Annette","Annette","Annette",3472,178.051282051282
"2","ANN",18223,47,"PP08_ANN_L2","scoop-already peeled",215.55,-11.876,10.478,0.033,"PP08_ANN_L2",-12.225815644967,-19.1650297716769,-3.94214499462134,0.959082343052717,-9.91915834190502,-21.3092202479991,-21.6447222564105,-0.461214866249851,-0.497977777777777,"PP08","L2",NA,"L","2",1,"Annette",1103.376,25.908,1223151.254,0,780443.6107,0,1140.95574,76054.01667,1.167085807,7.605402,7.605402,2.550147,100,33.5307325,70.1,"8/29/2018","8.3",43,0,43,1,"2 salamander in gillnet (alive and released)","2:00p-7:30p","7:30p-9:30a","","",19,30,1170,19.5,2.205128205,1103.376,"Yes",NA,25.908,"N",4,NA,"NULL","","No","NULL","NULL","NULL","King",47.35891021,-121.4742939,3620,1103.376,20.2,8.1746572,85,"Mt. Baker-Snoqualmie National Forest","NULL",98,"L44701",0.177297146083773,0.171400686695528,0.191018851759778,0.859,24.11,3.63,26.87,4.04,1.56725128789628,1.56725128789628,"Annette","Annette","Annette","Annette",3472,178.051282051282
"3","ANN",18248,10,"PP11_ANN_L5","filter",283.341,-11.264,12.39,0.109,"PP11_ANN_L5",-11.3316279690118,-19.5619806977337,-3.69977968283963,0.920427120189125,-10.2946224411897,-20.662313523,-20.7245601397618,-0.215754258303448,-0.272185185185185,"PP11","L5",NA,"L","5",1,"Annette",1103.376,25.908,1223151.254,0,780443.6107,0,1140.95574,76054.01667,1.167085807,7.605402,7.605402,2.550147,100,33.5307325,70.1,"8/29/2018","8.3",43,0,43,1,"2 salamander in gillnet (alive and released)","2:00p-7:30p","7:30p-9:30a","","",19,30,1170,19.5,2.205128205,1103.376,"Yes",NA,25.908,"N",4,NA,"NULL","","No","NULL","NULL","NULL","King",47.35891021,-121.4742939,3620,1103.376,20.2,8.1746572,85,"Mt. Baker-Snoqualmie National Forest","NULL",98,"L44701",0.177297146083773,0.171400686695528,0.191018851759778,0.859,24.11,3.63,26.87,4.04,1.56725128789628,1.56725128789628,"Annette","Annette","Annette","Annette",3472,178.051282051282
"4","ANN",18192,16,"PP09_ANN_L3","scoop (already peeled off)",429.471,-15.176,18.807,0.343,"PP09_ANN_L3",-15.29508617701,-22.0761176843818,-5.58835149769092,0.885505036563734,-8.7514866027062,-22.1899110375974,-22.2953624471249,-0.152380363256572,-0.187977777777777,"PP09","L3",NA,"L","3",1,"Annette",1103.376,25.908,1223151.254,0,780443.6107,0,1140.95574,76054.01667,1.167085807,7.605402,7.605402,2.550147,100,33.5307325,70.1,"8/29/2018","8.3",43,0,43,1,"2 salamander in gillnet (alive and released)","2:00p-7:30p","7:30p-9:30a","","",19,30,1170,19.5,2.205128205,1103.376,"Yes",NA,25.908,"N",4,NA,"NULL","","No","NULL","NULL","NULL","King",47.35891021,-121.4742939,3620,1103.376,20.2,8.1746572,85,"Mt. Baker-Snoqualmie National Forest","NULL",98,"L44701",0.177297146083773,0.171400686695528,0.191018851759778,0.859,24.11,3.63,26.87,4.04,1.56725128789628,1.56725128789628,"Annette","Annette","Annette","Annette",3472,178.051282051282
"5","BZL",18277,39,"PP34_BZL_L4","small scoop",74.505,-12.16,3.517,-0.163,"PP34_BZL_L4",-12.423749079146,-17.5159875896845,-2.51995706740671,0.973590976512789,-11.2465925379732,-23.0854588123687,-23.3422425358888,-0.486619457045971,-0.544185185185185,"PP34","L4",NA,"L","4",2,"Blazer",1237.488,17.9832,582782,318525,205415.0614,141314.4864,835.088028,28941.20336,1.384742537,2.89412,1.810126,0.379223,62.54495322,13.10322309,95,"8/18/2018","9.15",9,0,9,1,"","9:05a-7:30a","","","",22,25,1345,22.41666667,0.401486989,1237.488,"NULL",5,17.9832,"N",4,NA,"NULL","","Yes","NULL","NULL","NULL","King",47.42770954,-121.5357973,4060,1237.488,6.46,2.61427156,59,"Mt. Baker-Snoqualmie National Forest","Alpine Lakes Wilderness",140,"L433",0.509998612382406,0.545960060370068,0.443315525788501,NA,10.39,1.56,8.43,1.27,1.68079704685613,1.28645386661993,"Blazer","Blazer","Blazer","Blazer",352.7,15.7338289939429
"6","BZL",18274,36,"PP35_BZL_L5","fluffly scoop",236.711,-14.295,11.229,-0.506,"PP35_BZL_L5",-14.5384606884425,-19.1051406001053,-3.43634268654763,0.931788135921208,-10.4980566537153,-23.817968056709,-24.0448218377629,-0.828188439283785,-0.887185185185185,"PP35","L5",NA,"L","5",2,"Blazer",1237.488,17.9832,582782,318525,205415.0614,141314.4864,835.088028,28941.20336,1.384742537,2.89412,1.810126,0.379223,62.54495322,13.10322309,95,"8/18/2018","9.15",9,0,9,1,"","9:05a-7:30a","","","",22,25,1345,22.41666667,0.401486989,1237.488,"NULL",5,17.9832,"N",4,NA,"NULL","","Yes","NULL","NULL","NULL","King",47.42770954,-121.5357973,4060,1237.488,6.46,2.61427156,59,"Mt. Baker-Snoqualmie National Forest","Alpine Lakes Wilderness",140,"L433",0.509998612382406,0.545960060370068,0.443315525788501,NA,10.39,1.56,8.43,1.27,1.68079704685613,1.28645386661993,"Blazer","Blazer","Blazer","Blazer",352.7,15.7338289939429
"7","BZL",18194,18,"PP33_BZL_L3","scoop with filter",310.637,-12.33,19.543,0.632,"PP33_BZL_L3",-12.4639719491363,-20.4589963123876,-4.67387697865927,0.924921737449519,-9.37702958427316,-20.7813146070257,-20.9052281749904,0.135533092759743,0.101022222222223,"PP33","L3",NA,"L","3",2,"Blazer",1237.488,17.9832,582782,318525,205415.0614,141314.4864,835.088028,28941.20336,1.384742537,2.89412,1.810126,0.379223,62.54495322,13.10322309,95,"8/18/2018","9.15",9,0,9,1,"","9:05a-7:30a","","","",22,25,1345,22.41666667,0.401486989,1237.488,"NULL",5,17.9832,"N",4,NA,"NULL","","Yes","NULL","NULL","NULL","King",47.42770954,-121.5357973,4060,1237.488,6.46,2.61427156,59,"Mt. Baker-Snoqualmie National Forest","Alpine Lakes Wilderness",140,"L433",0.509998612382406,0.545960060370068,0.443315525788501,NA,10.39,1.56,8.43,1.27,1.68079704685613,1.28645386661993,"Blazer","Blazer","Blazer","Blazer",352.7,15.7338289939429
"8","BZL",18225,49,"PP32_BZL_L2","scoop, 1/3?",123.571,-14.35,6.261,-0.34,"PP32_BZL_L2",-14.7147014170932,-17.913357635128,-3.23433029692529,0.994616309624479,-10.4830823359655,-24.7558263790768,-25.1185643566609,-0.832812510174022,-0.870977777777777,"PP32","L2",NA,"L","2",2,"Blazer",1237.488,17.9832,582782,318525,205415.0614,141314.4864,835.088028,28941.20336,1.384742537,2.89412,1.810126,0.379223,62.54495322,13.10322309,95,"8/18/2018","9.15",9,0,9,1,"","9:05a-7:30a","","","",22,25,1345,22.41666667,0.401486989,1237.488,"NULL",5,17.9832,"N",4,NA,"NULL","","Yes","NULL","NULL","NULL","King",47.42770954,-121.5357973,4060,1237.488,6.46,2.61427156,59,"Mt. Baker-Snoqualmie National Forest","Alpine Lakes Wilderness",140,"L433",0.509998612382406,0.545960060370068,0.443315525788501,NA,10.39,1.56,8.43,1.27,1.68079704685613,1.28645386661993,"Blazer","Blazer","Blazer","Blazer",352.7,15.7338289939429
"9","DEN",18193,17,"PP102_DEN_L2","1/8 aprox",315.406,-17.992,18.793,-0.093,"PP102_DEN_L2",-18.1185290630732,-20.523894000112,-4.7105763153917,0.923272414498277,-9.35085483160991,-25.9623721132629,-26.0791929068307,-0.586741148111635,-0.623977777777777,"PP102","L2",NA,"L","2",3,"Denny",1335.024,70.4088,642392,0,1674032.019,0,1000.851076,57585.75637,1.176540796,5.758576,2.33878,0.889803,40.61386009,15.45178878,31.5,"8/8/2018","12.5",19,0,19,1,"","5:20p-1:30p","","","",20,10,1210,20.16666667,0.94214876,1335.024,"NULL",5.5,70.4088,"N",4,NA,"9.02","EB","Yes","NULL","Evelyn","NULL","King",47.42231021,-121.4713952,4380,1335.024,14.3,5.7870098,231,"Mt. Baker-Snoqualmie National Forest","Alpine Lakes Wilderness",90,"L1064",0.196605180295265,0.213337682042557,0.224207151154811,1.327,20.54,3.09,21.59,3.25,0.383739374581222,0.383739374581222,"Denny","Denny","Denny","Denny",328,16.264462807229
"10","DEN",18249,11,"PP104_DEN_L4","5x5mm sq",208.298,-16.761,12.325,0.362,"PP104_DEN_L4",-16.835390765913,-18.8267747906711,-3.27582294870408,0.938849283848937,-10.6244959705933,-26.3605488171853,-26.4303905344877,0.0361902096445608,-0.0191851851851849,"PP104","L4",NA,"L","4",3,"Denny",1335.024,70.4088,642392,0,1674032.019,0,1000.851076,57585.75637,1.176540796,5.758576,2.33878,0.889803,40.61386009,15.45178878,31.5,"8/8/2018","12.5",19,0,19,1,"","5:20p-1:30p","","","",20,10,1210,20.16666667,0.94214876,1335.024,"NULL",5.5,70.4088,"N",4,NA,"9.02","EB","Yes","NULL","Evelyn","NULL","King",47.42231021,-121.4713952,4380,1335.024,14.3,5.7870098,231,"Mt. Baker-Snoqualmie National Forest","Alpine Lakes Wilderness",90,"L1064",0.196605180295265,0.213337682042557,0.224207151154811,1.327,20.54,3.09,21.59,3.25,0.383739374581222,0.383739374581222,"Denny","Denny","Denny","Denny",328,16.264462807229
"11","DEN",18262,24,"PP105_DEN_L5","  1/16",144.585,-14.829,8.592,0.55,"PP105_DEN_L5",-14.9913071256283,-18.2025703484621,-2.91587524669352,0.955078903765852,-10.91510906587,-25.0779741298138,-25.2329902414323,0.223405861716599,0.168814814814815,"PP105","L5",NA,"L","5",3,"Denny",1335.024,70.4088,642392,0,1674032.019,0,1000.851076,57585.75637,1.176540796,5.758576,2.33878,0.889803,40.61386009,15.45178878,31.5,"8/8/2018","12.5",19,0,19,1,"","5:20p-1:30p","","","",20,10,1210,20.16666667,0.94214876,1335.024,"NULL",5.5,70.4088,"N",4,NA,"9.02","EB","Yes","NULL","Evelyn","NULL","King",47.42231021,-121.4713952,4380,1335.024,14.3,5.7870098,231,"Mt. Baker-Snoqualmie National Forest","Alpine Lakes Wilderness",90,"L1064",0.196605180295265,0.213337682042557,0.224207151154811,1.327,20.54,3.09,21.59,3.25,0.383739374581222,0.383739374581222,"Denny","Denny","Denny","Denny",328,16.264462807229
"12","DEN",18211,35,"PP103_DEN_L3"," 1/8",155.199,-14.784,9.549,0.411,"PP103_DEN_L3",-15.0445010122095,-18.3437589912502,-3.47772023657163,0.982104260652833,-10.2845161383044,-24.8039455277959,-25.0597846817912,-0.0846360206644979,-0.119977777777777,"PP103","L3",NA,"L","3",3,"Denny",1335.024,70.4088,642392,0,1674032.019,0,1000.851076,57585.75637,1.176540796,5.758576,2.33878,0.889803,40.61386009,15.45178878,31.5,"8/8/2018","12.5",19,0,19,1,"","5:20p-1:30p","","","",20,10,1210,20.16666667,0.94214876,1335.024,"NULL",5.5,70.4088,"N",4,NA,"9.02","EB","Yes","NULL","Evelyn","NULL","King",47.42231021,-121.4713952,4380,1335.024,14.3,5.7870098,231,"Mt. Baker-Snoqualmie National Forest","Alpine Lakes Wilderness",90,"L1064",0.196605180295265,0.213337682042557,0.224207151154811,1.327,20.54,3.09,21.59,3.25,0.383739374581222,0.383739374581222,"Denny","Denny","Denny","Denny",328,16.264462807229
"13","ISL",18226,50,"PP119_ISL_L3","little square",217.031,-14.017,9.087,-0.293,"PP119_ISL_L3",-14.3891443031564,-19.185183572373,-3.95354187398824,0.958530950839542,-9.91040774834211,-23.34613608626,-23.702847919014,-0.785989214558912,-0.823977777777777,"PP119","L3",NA,"L","3",4,"Island",1298.448,30.7848,1301600,0,819547.2372,0,1581.182868,74789.21346,1.631013986,7.478921,4.93203,2.070702,65.94574271,27.68717573,60.2,"8/16/2018","10.4",3,0,3,2,"","11:50a-6:30p","6:45p-7:30a","7:30a-6:30p","11:15a-12:20p",54,90,3330,55.5,0.054054054,1298.448,"NULL",5,30.7848,"N",4,NA,"NULL","","Yes","NULL","NULL","NULL","King",47.42118954,-121.5358972,4260,1298.448,17.78,7.19531708,101,"Mt. Baker-Snoqualmie National Forest","Alpine Lakes Wilderness",95,"L2529",0.27527780262523,0.300588415632478,0.318907041385235,1.494,14.44,2.17,15.32,2.31,1.58819399409721,1.58819399409721,"Island","Island","Island","Island",714.8,12.8792792792793
"14","ISL",18210,34,"PP118_ISL_L2","flake",285.771,-12.813,11.719,0.048,"PP118_ISL_L2",-13.0660581261463,-20.1206138626173,-4.48252329713511,0.933617818547904,-9.51503637773856,-21.4774814867929,-21.7137410624914,-0.446271261266305,-0.482977777777777,"PP118","L2",NA,"L","2",4,"Island",1298.448,30.7848,1301600,0,819547.2372,0,1581.182868,74789.21346,1.631013986,7.478921,4.93203,2.070702,65.94574271,27.68717573,60.2,"8/16/2018","10.4",3,0,3,2,"","11:50a-6:30p","6:45p-7:30a","7:30a-6:30p","11:15a-12:20p",54,90,3330,55.5,0.054054054,1298.448,"NULL",5,30.7848,"N",4,NA,"NULL","","Yes","NULL","NULL","NULL","King",47.42118954,-121.5358972,4260,1298.448,17.78,7.19531708,101,"Mt. Baker-Snoqualmie National Forest","Alpine Lakes Wilderness",95,"L2529",0.27527780262523,0.300588415632478,0.318907041385235,1.494,14.44,2.17,15.32,2.31,1.58819399409721,1.58819399409721,"Island","Island","Island","Island",714.8,12.8792792792793
"15","ISL",18264,26,"PP121_ISL_L5","flake",549.026,-17.641,23.093,-0.053,"PP121_ISL_L5",-17.8168327194307,-22.1649307586048,-5.20077171285981,0.86063800513955,-9.22401820785813,-24.4065332565249,-24.557861577414,-0.377078384025098,-0.434185185185185,"PP121","L5",NA,"L","5",4,"Island",1298.448,30.7848,1301600,0,819547.2372,0,1581.182868,74789.21346,1.631013986,7.478921,4.93203,2.070702,65.94574271,27.68717573,60.2,"8/16/2018","10.4",3,0,3,2,"","11:50a-6:30p","6:45p-7:30a","7:30a-6:30p","11:15a-12:20p",54,90,3330,55.5,0.054054054,1298.448,"NULL",5,30.7848,"N",4,NA,"NULL","","Yes","NULL","NULL","NULL","King",47.42118954,-121.5358972,4260,1298.448,17.78,7.19531708,101,"Mt. Baker-Snoqualmie National Forest","Alpine Lakes Wilderness",95,"L2529",0.27527780262523,0.300588415632478,0.318907041385235,1.494,14.44,2.17,15.32,2.31,1.58819399409721,1.58819399409721,"Island","Island","Island","Island",714.8,12.8792792792793
"16","ISL",18284,46,"PP120_ISL_L4","flake",307.904,-13.016,10.505,0.684,"PP120_ISL_L4",-13.3270886574543,-19.8026275628002,-3.83854877869896,0.914553241527491,-10.1894427716795,-22.0932677634013,-22.3777749034786,0.356846805214754,0.302814814814815,"PP120","L4",NA,"L","4",4,"Island",1298.448,30.7848,1301600,0,819547.2372,0,1581.182868,74789.21346,1.631013986,7.478921,4.93203,2.070702,65.94574271,27.68717573,60.2,"8/16/2018","10.4",3,0,3,2,"","11:50a-6:30p","6:45p-7:30a","7:30a-6:30p","11:15a-12:20p",54,90,3330,55.5,0.054054054,1298.448,"NULL",5,30.7848,"N",4,NA,"NULL","","Yes","NULL","NULL","NULL","King",47.42118954,-121.5358972,4260,1298.448,17.78,7.19531708,101,"Mt. Baker-Snoqualmie National Forest","Alpine Lakes Wilderness",95,"L2529",0.27527780262523,0.300588415632478,0.318907041385235,1.494,14.44,2.17,15.32,2.31,1.58819399409721,1.58819399409721,"Island","Island","Island","Island",714.8,12.8792792792793
"17","KKL",18285,47,"PP112_KKL_L4","0",132.872,-13.163,5.735,-0.064,"PP112_KKL_L4",-13.4808514543555,-18.0878165834284,-2.8497024494049,0.958123811883076,-10.9696322264436,-23.5814159622606,-23.8859570093202,-0.388032491327185,-0.445185185185185,"PP112","L4",NA,"L","4",5,"Kulla Kulla",1147.572,64.008,1390820,0,6195620.368,0,2158.049844,233661.9462,1.259396681,23.366195,9.653675,3.308035,41.31470699,14.15735425,35.6,"8/19/2018","9.4",12,0,12,1,"","11:07a-6:35p","6:35p-12:30p","","",25,23,1523,25.38333333,0.472751149,1147.572,"NULL",5,64.008,"YES",4,NA,"NULL","","Yes","NULL","NULL","NULL","King",47.432065,-121.549001,3765,1147.572,59.53,24.09095758,210,"Mt. Baker-Snoqualmie National Forest","Alpine Lakes Wilderness",136,"L2718",0.269936236969826,0.258168239608622,0.274477486063991,NA,16.78,2.53,17.84,2.68,0.22448438048004,0.22448438048004,"Kulla Kulla","Kulla Kulla","Kulla Kulla","Kulla Kulla",1083.3,42.6776099859065
"18","KKL",18213,37,"PP110_KKL_L2","  1/32",339.898,-12.719,15.776,-1.58,"PP110_KKL_L2",-12.9943867843357,-20.8571869688152,-4.89905191934447,0.914893874173861,-9.21788740973205,-20.8544225953494,-21.1063722773666,-2.06815052214714,-2.11097777777778,"PP110","L2",NA,"L","2",5,"Kulla Kulla",1147.572,64.008,1390820,0,6195620.368,0,2158.049844,233661.9462,1.259396681,23.366195,9.653675,3.308035,41.31470699,14.15735425,35.6,"8/19/2018","9.4",12,0,12,1,"","11:07a-6:35p","6:35p-12:30p","","",25,23,1523,25.38333333,0.472751149,1147.572,"NULL",5,64.008,"YES",4,NA,"NULL","","Yes","NULL","NULL","NULL","King",47.432065,-121.549001,3765,1147.572,59.53,24.09095758,210,"Mt. Baker-Snoqualmie National Forest","Alpine Lakes Wilderness",136,"L2718",0.269936236969826,0.258168239608622,0.274477486063991,NA,16.78,2.53,17.84,2.68,0.22448438048004,0.22448438048004,"Kulla Kulla","Kulla Kulla","Kulla Kulla","Kulla Kulla",1083.3,42.6776099859065
"19","KKL",18288,50,"PP113_KKL_L5","0",110.82,-13.561,3.654,-1.181,"PP113_KKL_L5",-13.899139845059,-17.8717703077925,-2.7251192917332,0.963909446683645,-11.0732317713585,-24.1448077778354,-24.4707439687879,-1.50037229645733,-1.56218518518518,"PP113","L5",NA,"L","5",5,"Kulla Kulla",1147.572,64.008,1390820,0,6195620.368,0,2158.049844,233661.9462,1.259396681,23.366195,9.653675,3.308035,41.31470699,14.15735425,35.6,"8/19/2018","9.4",12,0,12,1,"","11:07a-6:35p","6:35p-12:30p","","",25,23,1523,25.38333333,0.472751149,1147.572,"NULL",5,64.008,"YES",4,NA,"NULL","","Yes","NULL","NULL","NULL","King",47.432065,-121.549001,3765,1147.572,59.53,24.09095758,210,"Mt. Baker-Snoqualmie National Forest","Alpine Lakes Wilderness",136,"L2718",0.269936236969826,0.258168239608622,0.274477486063991,NA,16.78,2.53,17.84,2.68,0.22448438048004,0.22448438048004,"Kulla Kulla","Kulla Kulla","Kulla Kulla","Kulla Kulla",1083.3,42.6776099859065
"20","KKL",18224,48,"PP111_KKL_L3","  1/32",178.755,-12.976,8.626,-0.417,"PP111_KKL_L3",-13.3332585310301,-18.6643146490476,-3.65899295120136,0.972988136741883,-10.1398432660589,-22.7653373284216,-23.1129456408637,-0.909523015756224,-0.947977777777777,"PP111","L3",NA,"L","3",5,"Kulla Kulla",1147.572,64.008,1390820,0,6195620.368,0,2158.049844,233661.9462,1.259396681,23.366195,9.653675,3.308035,41.31470699,14.15735425,35.6,"8/19/2018","9.4",12,0,12,1,"","11:07a-6:35p","6:35p-12:30p","","",25,23,1523,25.38333333,0.472751149,1147.572,"NULL",5,64.008,"YES",4,NA,"NULL","","Yes","NULL","NULL","NULL","King",47.432065,-121.549001,3765,1147.572,59.53,24.09095758,210,"Mt. Baker-Snoqualmie National Forest","Alpine Lakes Wilderness",136,"L2718",0.269936236969826,0.258168239608622,0.274477486063991,NA,16.78,2.53,17.84,2.68,0.22448438048004,0.22448438048004,"Kulla Kulla","Kulla Kulla","Kulla Kulla","Kulla Kulla",1083.3,42.6776099859065
"21","LMA",18204,28,"PP135_LMA_L3","flake",329.305,-20.661,14.932,-1.015,"PP135_LMA_L3",-20.8694008097676,-20.7130349021211,-4.81753460460203,0.918498929050932,-9.27509962500723,-28.2522059981285,-28.4436219187134,-1.50527473443358,-1.54597777777778,"PP135","L3",NA,"L","3",6,"Mason, Little",1298.448,7.1628,116697,0,61653.34721,0,573.026057,19812.1361,1.14842804,1.981214,1.981214,0.557452,100,28.13688981,100,"8/21/2018","max",6,0,6,1,"stickleback (dead)","3:45p-6:45p","6:45p-12:45p","","",21,NA,1260,21,0.285714286,1298.448,"NULL",5,7.1628,"N",3,NA,"NULL","","Yes","NULL","Mirror","Herbert","King",47.428436,-121.556983,4260,1298.448,5.45,2.2055387,23.5,"Mt. Baker-Snoqualmie National Forest","Alpine Lakes Wilderness",137,"L2956",0.579608765363596,0.521127414277576,0.614866410796435,1.487,7.49,1.13,8.84,1.33,1.89279261031057,1.89279261031057,"Mason, Little","Mason, Little","Mason, Little","Mason, Little",1108.2,52.7714285714286
"22","LMA",18260,22,"PP137_LMA_L5","  1/16",441.91,-18.712,21.503,-0.203,"PP137_LMA_L5",-18.860781531826,-21.1155015521375,-4.5956180072022,0.883783469797892,-9.63846877172916,-26.1758250585873,-26.3073157170263,-0.526452574508107,-0.584185185185185,"PP137","L5",NA,"L","5",6,"Mason, Little",1298.448,7.1628,116697,0,61653.34721,0,573.026057,19812.1361,1.14842804,1.981214,1.981214,0.557452,100,28.13688981,100,"8/21/2018","max",6,0,6,1,"stickleback (dead)","3:45p-6:45p","6:45p-12:45p","","",21,NA,1260,21,0.285714286,1298.448,"NULL",5,7.1628,"N",3,NA,"NULL","","Yes","NULL","Mirror","Herbert","King",47.428436,-121.556983,4260,1298.448,5.45,2.2055387,23.5,"Mt. Baker-Snoqualmie National Forest","Alpine Lakes Wilderness",137,"L2956",0.579608765363596,0.521127414277576,0.614866410796435,1.487,7.49,1.13,8.84,1.33,1.89279261031057,1.89279261031057,"Mason, Little","Mason, Little","Mason, Little","Mason, Little",1108.2,52.7714285714286
"23","LMA",18203,27,"PP134_LMA_L2","flake",502.083,-21.885,21.163,-0.599,"PP134_LMA_L2",-22.0859579237044,-23.0642390727323,-6.14712948863566,0.863031591030485,-8.39483305715236,-27.2822794268545,-27.4557124634793,-1.09083875622325,-1.12997777777778,"PP134","L2",NA,"L","2",6,"Mason, Little",1298.448,7.1628,116697,0,61653.34721,0,573.026057,19812.1361,1.14842804,1.981214,1.981214,0.557452,100,28.13688981,100,"8/21/2018","max",6,0,6,1,"stickleback (dead)","3:45p-6:45p","6:45p-12:45p","","",21,NA,1260,21,0.285714286,1298.448,"NULL",5,7.1628,"N",3,NA,"NULL","","Yes","NULL","Mirror","Herbert","King",47.428436,-121.556983,4260,1298.448,5.45,2.2055387,23.5,"Mt. Baker-Snoqualmie National Forest","Alpine Lakes Wilderness",137,"L2956",0.579608765363596,0.521127414277576,0.614866410796435,1.487,7.49,1.13,8.84,1.33,1.89279261031057,1.89279261031057,"Mason, Little","Mason, Little","Mason, Little","Mason, Little",1108.2,52.7714285714286
"24","LMA",18291,53,"PP136_LMA_L4","flake",364.925,-16.066,18.332,-0.956,"PP136_LMA_L4",-16.4244282357626,-20.361269621708,-4.16068991027876,0.901202318686161,-9.95037660552266,-24.4290930575345,-24.7521094146864,-1.27631101073281,-1.33718518518518,"PP136","L4",NA,"L","4",6,"Mason, Little",1298.448,7.1628,116697,0,61653.34721,0,573.026057,19812.1361,1.14842804,1.981214,1.981214,0.557452,100,28.13688981,100,"8/21/2018","max",6,0,6,1,"stickleback (dead)","3:45p-6:45p","6:45p-12:45p","","",21,NA,1260,21,0.285714286,1298.448,"NULL",5,7.1628,"N",3,NA,"NULL","","Yes","NULL","Mirror","Herbert","King",47.428436,-121.556983,4260,1298.448,5.45,2.2055387,23.5,"Mt. Baker-Snoqualmie National Forest","Alpine Lakes Wilderness",137,"L2956",0.579608765363596,0.521127414277576,0.614866410796435,1.487,7.49,1.13,8.84,1.33,1.89279261031057,1.89279261031057,"Mason, Little","Mason, Little","Mason, Little","Mason, Little",1108.2,52.7714285714286
"25","LML",18198,22,"PP063_LML_L3","pinches",200.767,-13.333,10.401,0.003,"PP063_LML_L3",-13.4967434933888,-18.9638591871456,-3.82838397660592,0.964621182811173,-10.0070597202311,-22.8683539506524,-23.0263043929228,-0.491102076216942,-0.527977777777777,"PP063","L3",NA,"L","3",7,"Melakwa, Lower",1368.552,13.8684,1210213,872925,236204.1795,19206.7414,964.770028,38258.27563,1.39141338,3.825828,3.825828,2.160312,100,56.46652176,100,"8/10/2018","9",17,6,23,1,"","1:50p-3:45p","9:52a-2:15p","11:15a-4:20p","4:20p-1:25p",43,88,2668,44.46666667,0.517241379,1368.552,"NULL",4.25,13.8684,"N",4,NA,"NULL","","Yes","NULL","NULL","NULL","King",47.45001023,-121.4687958,4490,1368.552,9.1,3.6826426,45.5,"Mt. Baker-Snoqualmie National Forest","Alpine Lakes Wilderness",133,"L3270",0.115015422303765,0.102783506577044,0.211657744997687,1.561,21.76,3.27,44.8,6.74,4.73829778200373,1.42795102404189,"Melakwa, Lower","Melakwa, Lower","Melakwa, Lower","Melakwa, Lower",5319.8,119.635682149952
"26","LML",18289,51,"PP065_LML_L5","scrap with algae",194.872,-13.662,10.197,-1.083,"PP065_LML_L5",-14.0069026419602,-18.6952385446758,-3.19997252811183,0.942223256083055,-10.6849114651861,-23.5575655897928,-23.8825408801322,-1.40278115867509,-1.46418518518518,"PP065","L5",NA,"L","5",7,"Melakwa, Lower",1368.552,13.8684,1210213,872925,236204.1795,19206.7414,964.770028,38258.27563,1.39141338,3.825828,3.825828,2.160312,100,56.46652176,100,"8/10/2018","9",17,6,23,1,"","1:50p-3:45p","9:52a-2:15p","11:15a-4:20p","4:20p-1:25p",43,88,2668,44.46666667,0.517241379,1368.552,"NULL",4.25,13.8684,"N",4,NA,"NULL","","Yes","NULL","NULL","NULL","King",47.45001023,-121.4687958,4490,1368.552,9.1,3.6826426,45.5,"Mt. Baker-Snoqualmie National Forest","Alpine Lakes Wilderness",133,"L3270",0.115015422303765,0.102783506577044,0.211657744997687,1.561,21.76,3.27,44.8,6.74,4.73829778200373,1.42795102404189,"Melakwa, Lower","Melakwa, Lower","Melakwa, Lower","Melakwa, Lower",5319.8,119.635682149952
"27","LML",18190,14,"PP062_LML_L2","pinch",111.849,-13.63,5.663,-0.125,"PP062_LML_L2",-13.7342004048838,-17.7538418675655,-3.14412488170667,0.999334895681534,-10.5579662893299,-24.1789009174693,-24.2830320182138,-0.6186208387432,-0.655977777777777,"PP062","L2",NA,"L","2",7,"Melakwa, Lower",1368.552,13.8684,1210213,872925,236204.1795,19206.7414,964.770028,38258.27563,1.39141338,3.825828,3.825828,2.160312,100,56.46652176,100,"8/10/2018","9",17,6,23,1,"","1:50p-3:45p","9:52a-2:15p","11:15a-4:20p","4:20p-1:25p",43,88,2668,44.46666667,0.517241379,1368.552,"NULL",4.25,13.8684,"N",4,NA,"NULL","","Yes","NULL","NULL","NULL","King",47.45001023,-121.4687958,4490,1368.552,9.1,3.6826426,45.5,"Mt. Baker-Snoqualmie National Forest","Alpine Lakes Wilderness",133,"L3270",0.115015422303765,0.102783506577044,0.211657744997687,1.561,21.76,3.27,44.8,6.74,4.73829778200373,1.42795102404189,"Melakwa, Lower","Melakwa, Lower","Melakwa, Lower","Melakwa, Lower",5319.8,119.635682149952
"28","LML",18251,13,"PP064_LML_L4","small scoop",53.823,-13.626,2.408,-1.829,"PP064_LML_L4",-13.7139163597153,-17.3133633799664,-2.40311374857096,0.979192190669818,-11.346889784108,-24.689362574175,-24.7754495870403,-2.14566879934393,-2.21018518518518,"PP064","L4",NA,"L","4",7,"Melakwa, Lower",1368.552,13.8684,1210213,872925,236204.1795,19206.7414,964.770028,38258.27563,1.39141338,3.825828,3.825828,2.160312,100,56.46652176,100,"8/10/2018","9",17,6,23,1,"","1:50p-3:45p","9:52a-2:15p","11:15a-4:20p","4:20p-1:25p",43,88,2668,44.46666667,0.517241379,1368.552,"NULL",4.25,13.8684,"N",4,NA,"NULL","","Yes","NULL","NULL","NULL","King",47.45001023,-121.4687958,4490,1368.552,9.1,3.6826426,45.5,"Mt. Baker-Snoqualmie National Forest","Alpine Lakes Wilderness",133,"L3270",0.115015422303765,0.102783506577044,0.211657744997687,1.561,21.76,3.27,44.8,6.74,4.73829778200373,1.42795102404189,"Melakwa, Lower","Melakwa, Lower","Melakwa, Lower","Melakwa, Lower",5319.8,119.635682149952
"29","LOG",18227,51,"PP45_LOG_L3","full scoop with filter",318.51,-18.746,5.216,-1.296,"PP45_LOG_L3",-19.1255871892195,-20.5661339713212,-4.73446282015527,0.922202075863913,-9.33386855915229,-26.6214686732972,-26.9715247671668,-1.785218267792,-1.82697777777778,"PP45","L3",NA,"L","3",8,"Lodge",952.5,5.4864,993869,0,111281.0797,0,760.798722,38166.48244,1.098559982,3.816648,3.815289,0.569294,99.96439284,14.91607295,100,"9/2/2018","max",3,2,5,1,"","2:30p-6:45p","6:45p-11a","","",20,30,1230,20.5,0.243902439,952.5,"NULL",NA,5.4864,"N",2,NA,"NULL","","Yes","NULL","NULL","NULL","King",47.40931064,-121.4301937,3125,952.5,9.3,3.7635798,18,"Mt. Baker-Snoqualmie National Forest","NULL",101,"L2979",0.703669930456958,0.832979758371585,0.475893947383648,0.832,9.68,1.46,5.53,0.83,8.93115885179536,8.93115885179536,"Lodge","Lodge","Lodge","Lodge",2019.3,98.5024390243902
"30","LOG",18214,38,"PP44_LOG_L2","full scoop filter",378.12,-16.843,8.9,-0.009,"PP44_LOG_L2",-17.1258296703988,-21.3773210472807,-5.19318529082425,0.902117988856806,-9.01513412968088,-24.2095074159961,-24.4646531494453,-0.503056960203779,-0.539977777777777,"PP44","L2",NA,"L","2",8,"Lodge",952.5,5.4864,993869,0,111281.0797,0,760.798722,38166.48244,1.098559982,3.816648,3.815289,0.569294,99.96439284,14.91607295,100,"9/2/2018","max",3,2,5,1,"","2:30p-6:45p","6:45p-11a","","",20,30,1230,20.5,0.243902439,952.5,"NULL",NA,5.4864,"N",2,NA,"NULL","","Yes","NULL","NULL","NULL","King",47.40931064,-121.4301937,3125,952.5,9.3,3.7635798,18,"Mt. Baker-Snoqualmie National Forest","NULL",101,"L2979",0.703669930456958,0.832979758371585,0.475893947383648,0.832,9.68,1.46,5.53,0.83,8.93115885179536,8.93115885179536,"Lodge","Lodge","Lodge","Lodge",2019.3,98.5024390243902
"31","LOG",18287,49,"PP46_LOG_L4","full scoop with a fair amount of filter",196.163,-14.907,4.707,0.011,"PP46_LOG_L4",-15.2383770481578,-18.7078866374495,-3.20726605507329,0.941897772570462,-10.6790832466856,-24.7199533423935,-25.0320766459343,-0.31334539608568,-0.370185185185185,"PP46","L4",NA,"L","4",8,"Lodge",952.5,5.4864,993869,0,111281.0797,0,760.798722,38166.48244,1.098559982,3.816648,3.815289,0.569294,99.96439284,14.91607295,100,"9/2/2018","max",3,2,5,1,"","2:30p-6:45p","6:45p-11a","","",20,30,1230,20.5,0.243902439,952.5,"NULL",NA,5.4864,"N",2,NA,"NULL","","Yes","NULL","NULL","NULL","King",47.40931064,-121.4301937,3125,952.5,9.3,3.7635798,18,"Mt. Baker-Snoqualmie National Forest","NULL",101,"L2979",0.703669930456958,0.832979758371585,0.475893947383648,0.832,9.68,1.46,5.53,0.83,8.93115885179536,8.93115885179536,"Lodge","Lodge","Lodge","Lodge",2019.3,98.5024390243902
"32","LOG",18286,48,"PP47_LOG_L5","half scoop, dense",73.888,-15.047,2.287,-2.075,"PP47_LOG_L5",-15.3716142512567,-17.5099427614572,-2.51647131517184,0.973757148389883,-11.2495680681333,-25.9016918799559,-26.2177873275863,-2.39064247173606,-2.45618518518519,"PP47","L5",NA,"L","5",8,"Lodge",952.5,5.4864,993869,0,111281.0797,0,760.798722,38166.48244,1.098559982,3.816648,3.815289,0.569294,99.96439284,14.91607295,100,"9/2/2018","max",3,2,5,1,"","2:30p-6:45p","6:45p-11a","","",20,30,1230,20.5,0.243902439,952.5,"NULL",NA,5.4864,"N",2,NA,"NULL","","Yes","NULL","NULL","NULL","King",47.40931064,-121.4301937,3125,952.5,9.3,3.7635798,18,"Mt. Baker-Snoqualmie National Forest","NULL",101,"L2979",0.703669930456958,0.832979758371585,0.475893947383648,0.832,9.68,1.46,5.53,0.83,8.93115885179536,8.93115885179536,"Lodge","Lodge","Lodge","Lodge",2019.3,98.5024390243902
"33","LTL",18261,23,"PP073_LTL_L5","1/4 scoop",111.989,-12.011,5.359,0.441,"PP073_LTL_L5",-12.1665443287271,-17.8832231509005,-2.73172357757205,0.963600990736302,-11.0677084542339,-22.6415199539676,-22.7914026232324,0.114860616632279,0.0598148148148152,"PP073","L5",NA,"L","5",9,"Tuscohatchie, Lower",1042.416,39.624,4684870,3270108.077,2365654.752,7326173.592,1682.012924,124561.0547,1.344414717,12.456105,4.917598,1.207475,39.47941993,9.693840892,43.3,"8/11/2018","11",10,0,10,1,"Whirling (1)","8:30p-8:30a","","","",12,NA,720,12,0.833333333,1042.416,"Yes",5.5,39.624,"",4,NA,"NULL","EB","No","Yes","NULL","NULL","King",47.43870995,-121.4964964,3420,1042.416,31.8,12.8690148,130,"Mt. Baker-Snoqualmie National Forest","Alpine Lakes Wilderness",142,"L4603",0.334943990492082,0.334943990492082,0.304897443215535,-0.376,15.1,2.27,13.75,2.07,0.483383509665676,0.598042432778458,"Tuscohatchie, Lower","Tuscohatchie, Lower","Tuscohatchie, Lower","Tuscohatchie, Lower",552.8,46.0666666666667
"34","LTL",18189,13,"PP070_LTL_L2","1/4 scoop",139.089,-16.294,3.482,0.876,"PP070_LTL_L2",-16.3907575188207,-18.1245302746975,-3.35374742995399,0.98843779327483,-10.3850292911351,-26.4906346947552,-26.5862734831411,0.378615733825421,0.345022222222223,"PP070","L2",NA,"L","2",9,"Tuscohatchie, Lower",1042.416,39.624,4684870,3270108.077,2365654.752,7326173.592,1682.012924,124561.0547,1.344414717,12.456105,4.917598,1.207475,39.47941993,9.693840892,43.3,"8/11/2018","11",10,0,10,1,"Whirling (1)","8:30p-8:30a","","","",12,NA,720,12,0.833333333,1042.416,"Yes",5.5,39.624,"",4,NA,"NULL","EB","No","Yes","NULL","NULL","King",47.43870995,-121.4964964,3420,1042.416,31.8,12.8690148,130,"Mt. Baker-Snoqualmie National Forest","Alpine Lakes Wilderness",142,"L4603",0.334943990492082,0.334943990492082,0.304897443215535,-0.376,15.1,2.27,13.75,2.07,0.483383509665676,0.598042432778458,"Tuscohatchie, Lower","Tuscohatchie, Lower","Tuscohatchie, Lower","Tuscohatchie, Lower",552.8,46.0666666666667
"35","LTL",18266,28,"PP072_LTL_L4","1/3 scoop",123.34,-14.325,3.706,-0.186,"PP072_LTL_L4",-14.514358313233,-17.9944303554508,-2.79585124956241,0.96061611406447,-11.0142602371431,-24.7750860711166,-24.9569867181403,-0.509523499586699,-0.567185185185185,"PP072","L4",NA,"L","4",9,"Tuscohatchie, Lower",1042.416,39.624,4684870,3270108.077,2365654.752,7326173.592,1682.012924,124561.0547,1.344414717,12.456105,4.917598,1.207475,39.47941993,9.693840892,43.3,"8/11/2018","11",10,0,10,1,"Whirling (1)","8:30p-8:30a","","","",12,NA,720,12,0.833333333,1042.416,"Yes",5.5,39.624,"",4,NA,"NULL","EB","No","Yes","NULL","NULL","King",47.43870995,-121.4964964,3420,1042.416,31.8,12.8690148,130,"Mt. Baker-Snoqualmie National Forest","Alpine Lakes Wilderness",142,"L4603",0.334943990492082,0.334943990492082,0.304897443215535,-0.376,15.1,2.27,13.75,2.07,0.483383509665676,0.598042432778458,"Tuscohatchie, Lower","Tuscohatchie, Lower","Tuscohatchie, Lower","Tuscohatchie, Lower",552.8,46.0666666666667
"36","LTL",18228,52,"PP071_LTL_L3","1/3 scoop",148.236,-16.589,4.844,-0.747,"PP071_LTL_L3",-16.9760300752826,-18.2490048290307,-3.42413720413969,0.984831727973511,-10.3278010404287,-26.6651745757813,-27.0463340735996,-1.23828232539423,-1.27797777777778,"PP071","L3",NA,"L","3",9,"Tuscohatchie, Lower",1042.416,39.624,4684870,3270108.077,2365654.752,7326173.592,1682.012924,124561.0547,1.344414717,12.456105,4.917598,1.207475,39.47941993,9.693840892,43.3,"8/11/2018","11",10,0,10,1,"Whirling (1)","8:30p-8:30a","","","",12,NA,720,12,0.833333333,1042.416,"Yes",5.5,39.624,"",4,NA,"NULL","EB","No","Yes","NULL","NULL","King",47.43870995,-121.4964964,3420,1042.416,31.8,12.8690148,130,"Mt. Baker-Snoqualmie National Forest","Alpine Lakes Wilderness",142,"L4603",0.334943990492082,0.334943990492082,0.304897443215535,-0.376,15.1,2.27,13.75,2.07,0.483383509665676,0.598042432778458,"Tuscohatchie, Lower","Tuscohatchie, Lower","Tuscohatchie, Lower","Tuscohatchie, Lower",552.8,46.0666666666667
"37","MAS",18187,11,"PP127_MAS_L3","strip",486.882,-25.408,27.248,0.503,"PP127_MAS_L3",-25.4898717466944,-22.8573802446555,-6.03015179568751,0.867641397053443,-8.46799067154536,-30.5130232878792,-30.5840586045604,0.00701808990124941,-0.0279777777777773,"PP127","L3",NA,"L","3",10,"Mason",1274.064,28.0416,667396,0,1755616.315,0,1600.82138,126880.7515,1.267768839,12.68808,7.92071,1.963,62.4263876,15.47121393,50.6,"8/20/2018","9.75",13,0,13,1,"crayfish","3:20p-7:30p","7:30p-1:30p","","",22,10,1330,22.16666667,0.586466165,1274.064,"NULL",5,28.0416,"YES",4,NA,"NULL","","Yes","NULL","Mason, big","Short","King",47.42465935,-121.5543378,4180,1274.064,32.69,13.22918534,92,"Mt. Baker-Snoqualmie National Forest","Alpine Lakes Wilderness",96,"L3227",0.252531863694225,0.257213640999294,0.278747545626824,1.445,16.52,2.49,17.9,2.69,0.380149121592095,0.380149121592095,"Mason","Mason","Mason","Mason",1898,85.6240601375001
"38","MAS",18267,29,"PP129_MAS_L5","scrape",243.294,-18.83,8.78,0.503,"PP129_MAS_L5",-19.0261211101342,-19.16963509641,-3.47353345958194,0.930167269415724,-10.4690328666765,-27.9840825497746,-28.1665079872629,0.176601948698589,0.121814814814815,"PP129","L5",NA,"L","5",10,"Mason",1274.064,28.0416,667396,0,1755616.315,0,1600.82138,126880.7515,1.267768839,12.68808,7.92071,1.963,62.4263876,15.47121393,50.6,"8/20/2018","9.75",13,0,13,1,"crayfish","3:20p-7:30p","7:30p-1:30p","","",22,10,1330,22.16666667,0.586466165,1274.064,"NULL",5,28.0416,"YES",4,NA,"NULL","","Yes","NULL","Mason, big","Short","King",47.42465935,-121.5543378,4180,1274.064,32.69,13.22918534,92,"Mt. Baker-Snoqualmie National Forest","Alpine Lakes Wilderness",96,"L3227",0.252531863694225,0.257213640999294,0.278747545626824,1.445,16.52,2.49,17.9,2.69,0.380149121592095,0.380149121592095,"Mason","Mason","Mason","Mason",1898,85.6240601375001
"39","MAS",18279,41,"PP128_MAS_L4","strip",335.951,-21.819,18.601,0.07,"PP128_MAS_L4",-22.0962746729484,-20.0774076232373,-3.99700079317466,0.907937227850789,-10.0709741801276,-29.881256554604,-30.133004552514,-0.25459154782903,-0.311185185185185,"PP128","L4",NA,"L","4",10,"Mason",1274.064,28.0416,667396,0,1755616.315,0,1600.82138,126880.7515,1.267768839,12.68808,7.92071,1.963,62.4263876,15.47121393,50.6,"8/20/2018","9.75",13,0,13,1,"crayfish","3:20p-7:30p","7:30p-1:30p","","",22,10,1330,22.16666667,0.586466165,1274.064,"NULL",5,28.0416,"YES",4,NA,"NULL","","Yes","NULL","Mason, big","Short","King",47.42465935,-121.5543378,4180,1274.064,32.69,13.22918534,92,"Mt. Baker-Snoqualmie National Forest","Alpine Lakes Wilderness",96,"L3227",0.252531863694225,0.257213640999294,0.278747545626824,1.445,16.52,2.49,17.9,2.69,0.380149121592095,0.380149121592095,"Mason","Mason","Mason","Mason",1898,85.6240601375001
"40","MAS",18216,40,"PP126_MAS_L2","strip",521.738,-21.357,26.623,0.089,"PP126_MAS_L2",-21.6547154425251,-23.3317089935172,-6.29838246902483,0.857143199774077,-8.30138429709911,-26.6073916146741,-26.8625763817022,-0.405425407644613,-0.441977777777777,"PP126","L2",NA,"L","2",10,"Mason",1274.064,28.0416,667396,0,1755616.315,0,1600.82138,126880.7515,1.267768839,12.68808,7.92071,1.963,62.4263876,15.47121393,50.6,"8/20/2018","9.75",13,0,13,1,"crayfish","3:20p-7:30p","7:30p-1:30p","","",22,10,1330,22.16666667,0.586466165,1274.064,"NULL",5,28.0416,"YES",4,NA,"NULL","","Yes","NULL","Mason, big","Short","King",47.42465935,-121.5543378,4180,1274.064,32.69,13.22918534,92,"Mt. Baker-Snoqualmie National Forest","Alpine Lakes Wilderness",96,"L3227",0.252531863694225,0.257213640999294,0.278747545626824,1.445,16.52,2.49,17.9,2.69,0.380149121592095,0.380149121592095,"Mason","Mason","Mason","Mason",1898,85.6240601375001
"41","OLA",18186,10,"PP150_OLA_L2","1/4 of empty side",732.036,-19.158,34.922,-0.212,"PP150_OLA_L2",-19.2324288606313,-26.1934942594144,-7.91670855754595,0.798827553058599,-7.37591507469749,-22.6798533361941,-22.7393091608092,-0.705293747647765,-0.742977777777777,"PP150","L2",NA,"L","2",11,"Olallie",1152.144,12.192,1301600,0,377041,0,1049,55594,1.255037189,5.559385,3.472687,0.747112,62.46530866,13.43875267,100,"8/27/2018","7.25",17,0,17,1,"crayfish","1:30p-7:00p","7:00p-10:00a","","",20,30,1230,20.5,0.829268293,1152.144,"Yes",3,12.192,"N",4,NA,"NULL","","No","Yes","Divide","NULL","King",47.42220981,-121.5103964,3780,1152.144,13.4,5.4227924,40,"Mt. Baker-Snoqualmie National Forest","Alpine Lakes Wilderness",92,"L3499",0.411061535923991,0.526094994966801,0.440967635497322,1.338,10.44,1.57,8.75,1.32,3.45214446174289,3.45214446174289,"Olallie","Olallie","Olallie","Olallie",966.7,47.1560975609756
"42","OLA",18255,17,"PP153_OLA_L5","flake",322.847,-16.592,13.432,-0.648,"PP153_OLA_L5",-16.7069675473201,-19.9490260525892,-3.92296951718473,0.911016379341104,-10.1261105141888,-25.2416942802164,-25.3464315989177,-0.969596006274367,-1.02918518518518,"PP153","L5",NA,"L","5",11,"Olallie",1152.144,12.192,1301600,0,377041,0,1049,55594,1.255037189,5.559385,3.472687,0.747112,62.46530866,13.43875267,100,"8/27/2018","7.25",17,0,17,1,"crayfish","1:30p-7:00p","7:00p-10:00a","","",20,30,1230,20.5,0.829268293,1152.144,"Yes",3,12.192,"N",4,NA,"NULL","","No","Yes","Divide","NULL","King",47.42220981,-121.5103964,3780,1152.144,13.4,5.4227924,40,"Mt. Baker-Snoqualmie National Forest","Alpine Lakes Wilderness",92,"L3499",0.411061535923991,0.526094994966801,0.440967635497322,1.338,10.44,1.57,8.75,1.32,3.45214446174289,3.45214446174289,"Olallie","Olallie","Olallie","Olallie",966.7,47.1560975609756
"43","OLA",18256,18,"PP152_OLA_L4",".751 flake",125.976,-16.006,5.991,-0.164,"PP152_OLA_L4",-16.1277303442212,-18.0202555859323,-2.81074337742485,0.959925591291055,-11.001895501458,-26.3664645156627,-26.4833165883173,-0.487615284982524,-0.545185185185185,"PP152","L4",NA,"L","4",11,"Olallie",1152.144,12.192,1301600,0,377041,0,1049,55594,1.255037189,5.559385,3.472687,0.747112,62.46530866,13.43875267,100,"8/27/2018","7.25",17,0,17,1,"crayfish","1:30p-7:00p","7:00p-10:00a","","",20,30,1230,20.5,0.829268293,1152.144,"Yes",3,12.192,"N",4,NA,"NULL","","No","Yes","Divide","NULL","King",47.42220981,-121.5103964,3780,1152.144,13.4,5.4227924,40,"Mt. Baker-Snoqualmie National Forest","Alpine Lakes Wilderness",92,"L3499",0.411061535923991,0.526094994966801,0.440967635497322,1.338,10.44,1.57,8.75,1.32,3.45214446174289,3.45214446174289,"Olallie","Olallie","Olallie","Olallie",966.7,47.1560975609756
"44","OLA",18199,23,"PP151_OLA_L3","flake",235.923,-9.845,12.27,-0.587,"PP151_OLA_L3",-10.0161863794519,-19.4422704074515,-4.09892326831601,0.951552478582755,-9.79965940451338,-19.1676935561606,-19.3305863798277,-1.07888387223641,-1.11797777777778,"PP151","L3",NA,"L","3",11,"Olallie",1152.144,12.192,1301600,0,377041,0,1049,55594,1.255037189,5.559385,3.472687,0.747112,62.46530866,13.43875267,100,"8/27/2018","7.25",17,0,17,1,"crayfish","1:30p-7:00p","7:00p-10:00a","","",20,30,1230,20.5,0.829268293,1152.144,"Yes",3,12.192,"N",4,NA,"NULL","","No","Yes","Divide","NULL","King",47.42220981,-121.5103964,3780,1152.144,13.4,5.4227924,40,"Mt. Baker-Snoqualmie National Forest","Alpine Lakes Wilderness",92,"L3499",0.411061535923991,0.526094994966801,0.440967635497322,1.338,10.44,1.57,8.75,1.32,3.45214446174289,3.45214446174289,"Olallie","Olallie","Olallie","Olallie",966.7,47.1560975609756
"45","RBL",18252,14,"PP057_RBL_L5","  1/16",186.017,-14.673,8.696,0.114,"PP057_RBL_L5",-14.7676791566165,-18.6084849726299,-3.14994605154812,0.944461832682588,-10.7249961793036,-24.5830846502552,-24.67250550003,-0.210775118620681,-0.267185185185185,"PP057","L5",NA,"L","5",12,"Rainbow",1301.496,13.335,318525,0,141314.4864,0,850.709802,26215.4819,1.48216851,2.621548,2.074309,0.599783,79.12534884,22.87896312,NA,"8/17/2018","7.8",0,0,0,3,"","7:30p-8:15a","3p-11a","3:45p-9:45a","",50,NA,3000,50,0,1301.496,"NULL",5,13.335,"",4,NA,"NULL","","Yes","NULL","Trail","Long","King",47.42522953,-121.5363973,4270,1301.496,6.38,2.58189668,43.75,"Mt. Baker-Snoqualmie National Forest","Alpine Lakes Wilderness",94,"L3831",0.438413469702404,0.53931634235125,0.581009557161508,NA,7.93,1.19,8.54,1.29,2.25401519769455,2.25401519769455,"Rainbow","Rainbow","Rainbow","Rainbow",NA,NA
"46","RBL",18205,29,"PP054_RBL_L2","  1/16",465.392,-16.501,26.541,0.022,"PP054_RBL_L2",-16.7168436958307,-22.5649392068703,-5.86477776625157,0.874243045608489,-8.57275882381528,-22.9986433194009,-23.1873431694194,-0.472173509904451,-0.508977777777777,"PP054","L2",NA,"L","2",12,"Rainbow",1301.496,13.335,318525,0,141314.4864,0,850.709802,26215.4819,1.48216851,2.621548,2.074309,0.599783,79.12534884,22.87896312,NA,"8/17/2018","7.8",0,0,0,3,"","7:30p-8:15a","3p-11a","3:45p-9:45a","",50,NA,3000,50,0,1301.496,"NULL",5,13.335,"",4,NA,"NULL","","Yes","NULL","Trail","Long","King",47.42522953,-121.5363973,4270,1301.496,6.38,2.58189668,43.75,"Mt. Baker-Snoqualmie National Forest","Alpine Lakes Wilderness",94,"L3831",0.438413469702404,0.53931634235125,0.581009557161508,NA,7.93,1.19,8.54,1.29,2.25401519769455,2.25401519769455,"Rainbow","Rainbow","Rainbow","Rainbow",NA,NA
"47","RBL",18276,38,"PP056_RBL_L4","0",172.845,-13.728,8.513,0.696,"PP056_RBL_L4",-13.9849862822449,-18.47943719725,-3.07553060837509,0.947811512343528,-10.7849766828172,-23.7965331242691,-24.0401076810952,0.368796740453394,0.314814814814815,"PP056","L4",NA,"L","4",12,"Rainbow",1301.496,13.335,318525,0,141314.4864,0,850.709802,26215.4819,1.48216851,2.621548,2.074309,0.599783,79.12534884,22.87896312,NA,"8/17/2018","7.8",0,0,0,3,"","7:30p-8:15a","3p-11a","3:45p-9:45a","",50,NA,3000,50,0,1301.496,"NULL",5,13.335,"",4,NA,"NULL","","Yes","NULL","Trail","Long","King",47.42522953,-121.5363973,4270,1301.496,6.38,2.58189668,43.75,"Mt. Baker-Snoqualmie National Forest","Alpine Lakes Wilderness",94,"L3831",0.438413469702404,0.53931634235125,0.581009557161508,NA,7.93,1.19,8.54,1.29,2.25401519769455,2.25401519769455,"Rainbow","Rainbow","Rainbow","Rainbow",NA,NA
"48","RBL",18200,24,"PP055_RBL_L3","flakes",246.354,-14.38,12.825,-0.31,"PP055_RBL_L3",-14.5586292655151,-19.5842179395658,-4.17919392913714,0.947742761719573,-9.73919920383789,-23.3677401173653,-23.5370347107886,-0.802925300206931,-0.840977777777777,"PP055","L3",NA,"L","3",12,"Rainbow",1301.496,13.335,318525,0,141314.4864,0,850.709802,26215.4819,1.48216851,2.621548,2.074309,0.599783,79.12534884,22.87896312,NA,"8/17/2018","7.8",0,0,0,3,"","7:30p-8:15a","3p-11a","3:45p-9:45a","",50,NA,3000,50,0,1301.496,"NULL",5,13.335,"",4,NA,"NULL","","Yes","NULL","Trail","Long","King",47.42522953,-121.5363973,4270,1301.496,6.38,2.58189668,43.75,"Mt. Baker-Snoqualmie National Forest","Alpine Lakes Wilderness",94,"L3831",0.438413469702404,0.53931634235125,0.581009557161508,NA,7.93,1.19,8.54,1.29,2.25401519769455,2.25401519769455,"Rainbow","Rainbow","Rainbow","Rainbow",NA,NA
"49","SCT",18217,41,"PP142_SCT_L2"," 1/8",331.128,-12.321,17.391,-1.232,"PP142_SCT_L2",-12.6261583285882,-20.7378427202636,-4.83156330891389,0.917876495340727,-9.26522160299727,-20.5743779020904,-20.8544755592589,-1.72145888652888,-1.76297777777778,"PP142","L2",NA,"L","2",13,"Scout",1173.48,4.8006,702539.555,0,65621.32833,0,810.189533,25787.98835,1.423223033,2.578799,2.578799,0.8432,100,32.69739131,100,"9/1/2018","max",2,6,8,1,"","12:45p-4:15p","4:15p-9:30a","","",20,45,1245,20.75,0.385542169,1173.48,"NULL",NA,4.8006,"",2,NA,"NULL","","Yes","NULL","NULL","NULL","King",47.35311001,-121.4937944,3850,1173.48,5.98,2.42002228,15.75,"Mt. Baker-Snoqualmie National Forest","NULL",99,"L44702",0.299666593318089,0.410711795363835,0.296918578053842,1.37,15.51,2.33,11.21,1.69,10.7059636383316,10.7059636383316,"Scout","Scout","Scout","Scout",2820.4,135.922891566265
"50","SCT",18222,46,"PP143_SCT_L3","scoopish",286.239,-14.682,15.826,0.657,"PP143_SCT_L3",-15.0243727589039,-20.1269825180702,-4.48612474179663,0.933452641078772,-9.51241501156111,-23.2173666878796,-23.5369554439119,0.160439101065653,0.126022222222223,"PP143","L3",NA,"L","3",13,"Scout",1173.48,4.8006,702539.555,0,65621.32833,0,810.189533,25787.98835,1.423223033,2.578799,2.578799,0.8432,100,32.69739131,100,"9/1/2018","max",2,6,8,1,"","12:45p-4:15p","4:15p-9:30a","","",20,45,1245,20.75,0.385542169,1173.48,"NULL",NA,4.8006,"",2,NA,"NULL","","Yes","NULL","NULL","NULL","King",47.35311001,-121.4937944,3850,1173.48,5.98,2.42002228,15.75,"Mt. Baker-Snoqualmie National Forest","NULL",99,"L44702",0.299666593318089,0.410711795363835,0.296918578053842,1.37,15.51,2.33,11.21,1.69,10.7059636383316,10.7059636383316,"Scout","Scout","Scout","Scout",2820.4,135.922891566265
"51","SCT",18273,35,"PP144_SCT_L4","0",113.743,-11.361,5.882,0.119,"PP144_SCT_L4",-11.5976978915413,-17.9004073141268,-2.74163283108901,0.963138545027961,-11.059427744064,-22.0016447541267,-22.229617616997,-0.205795978937914,-0.262185185185185,"PP144","L4",NA,"L","4",13,"Scout",1173.48,4.8006,702539.555,0,65621.32833,0,810.189533,25787.98835,1.423223033,2.578799,2.578799,0.8432,100,32.69739131,100,"9/1/2018","max",2,6,8,1,"","12:45p-4:15p","4:15p-9:30a","","",20,45,1245,20.75,0.385542169,1173.48,"NULL",NA,4.8006,"",2,NA,"NULL","","Yes","NULL","NULL","NULL","King",47.35311001,-121.4937944,3850,1173.48,5.98,2.42002228,15.75,"Mt. Baker-Snoqualmie National Forest","NULL",99,"L44702",0.299666593318089,0.410711795363835,0.296918578053842,1.37,15.51,2.33,11.21,1.69,10.7059636383316,10.7059636383316,"Scout","Scout","Scout","Scout",2820.4,135.922891566265
"52","SCT",18275,37,"PP145_SCT_L5","did not record",307.405,-14.456,15.696,-0.367,"PP145_SCT_L5",-14.7062234853437,-19.797738795725,-3.83572966951711,0.914671823863852,-10.1915661473341,-23.4140620331099,-23.6429344048228,-0.689768356102863,-0.748185185185185,"PP145","L5",NA,"L","5",13,"Scout",1173.48,4.8006,702539.555,0,65621.32833,0,810.189533,25787.98835,1.423223033,2.578799,2.578799,0.8432,100,32.69739131,100,"9/1/2018","max",2,6,8,1,"","12:45p-4:15p","4:15p-9:30a","","",20,45,1245,20.75,0.385542169,1173.48,"NULL",NA,4.8006,"",2,NA,"NULL","","Yes","NULL","NULL","NULL","King",47.35311001,-121.4937944,3850,1173.48,5.98,2.42002228,15.75,"Mt. Baker-Snoqualmie National Forest","NULL",99,"L44702",0.299666593318089,0.410711795363835,0.296918578053842,1.37,15.51,2.33,11.21,1.69,10.7059636383316,10.7059636383316,"Scout","Scout","Scout","Scout",2820.4,135.922891566265
"53","TPB",18212,36,"PP095_TPB_L3","  1/16",171.105,-12.565,9.127,-0.386,"PP095_TPB_L3",-12.8329438982726,-18.5602116272209,-3.60012318269578,0.975930059112924,-10.1865315694979,-22.4490927622518,-22.7105872667319,-0.878639565456896,-0.916977777777777,"PP095","L3",NA,"L","3",14,"Tusco Out-In Pot, Large",1112.52,4.8768,3221362.877,2066170,31844.31742,7280815.969,937.361959,22868.31184,1.748579327,2.286831,2.286831,1.548347,100,67.7071021,100,"8/6/2018","max",17,0,17,0,"","3:27p","7:08p","","",3,41,221,3.683333333,4.615384615,1112.52,"Yes",5.5,4.8768,"",2,NA,"NULL","","No","Yes","NULL","NULL","King",47.43551002,-121.4894961,3650,1112.52,6,2.428116,16,"Mt. Baker-Snoqualmie National Forest","Alpine Lakes Wilderness",2321,"L8594",0.279045990240659,0.369887457012482,0.347582972937708,1.284,13.25,1.99,12.45,1.87,0.440518600731699,36.2762643571212,"Tusco Out-In Pot, Large","Tusco Out-In Pot, Large","Tusco Out-In Pot, Large","Tusco Out-In Pot, Large",619.1,168.081447979012
"54","TPB",18265,27,"PP096_TPB_L4","  1/16",203.868,-10.812,10.068,-0.43,"PP096_TPB_L4",-10.9945955163319,-18.7833735118271,-3.25079558662873,0.939959874678275,-10.6443825877878,-20.8072287528093,-20.9788612114574,-0.752505516105727,-0.811185185185185,"PP096","L4",NA,"L","4",14,"Tusco Out-In Pot, Large",1112.52,4.8768,3221362.877,2066170,31844.31742,7280815.969,937.361959,22868.31184,1.748579327,2.286831,2.286831,1.548347,100,67.7071021,100,"8/6/2018","max",17,0,17,0,"","3:27p","7:08p","","",3,41,221,3.683333333,4.615384615,1112.52,"Yes",5.5,4.8768,"",2,NA,"NULL","","No","Yes","NULL","NULL","King",47.43551002,-121.4894961,3650,1112.52,6,2.428116,16,"Mt. Baker-Snoqualmie National Forest","Alpine Lakes Wilderness",2321,"L8594",0.279045990240659,0.369887457012482,0.347582972937708,1.284,13.25,1.99,12.45,1.87,0.440518600731699,36.2762643571212,"Tusco Out-In Pot, Large","Tusco Out-In Pot, Large","Tusco Out-In Pot, Large","Tusco Out-In Pot, Large",619.1,168.081447979012
"55","TPB",18202,26,"PP094_TPB_L2","  1/16",195.485,-14.557,10.766,-0.563,"PP094_TPB_L2",-14.7505150376413,-18.8919804732517,-3.78773690245605,0.966615768050074,-10.0387137848608,-24.1097395203658,-24.2967942071046,-1.05497410426274,-1.09397777777778,"PP094","L2",NA,"L","2",14,"Tusco Out-In Pot, Large",1112.52,4.8768,3221362.877,2066170,31844.31742,7280815.969,937.361959,22868.31184,1.748579327,2.286831,2.286831,1.548347,100,67.7071021,100,"8/6/2018","max",17,0,17,0,"","3:27p","7:08p","","",3,41,221,3.683333333,4.615384615,1112.52,"Yes",5.5,4.8768,"",2,NA,"NULL","","No","Yes","NULL","NULL","King",47.43551002,-121.4894961,3650,1112.52,6,2.428116,16,"Mt. Baker-Snoqualmie National Forest","Alpine Lakes Wilderness",2321,"L8594",0.279045990240659,0.369887457012482,0.347582972937708,1.284,13.25,1.99,12.45,1.87,0.440518600731699,36.2762643571212,"Tusco Out-In Pot, Large","Tusco Out-In Pot, Large","Tusco Out-In Pot, Large","Tusco Out-In Pot, Large",619.1,168.081447979012
"56","TPB",18254,16,"PP097_TPB_L5","  1/16",172.272,-12.838,9.224,0.083,"PP097_TPB_L5",-12.9462047504189,-18.4738234426727,-3.07229343490576,0.947957767354104,-10.7875955747901,-22.9574773920821,-23.0600509257063,-0.241645784653836,-0.298185185185185,"PP097","L5",NA,"L","5",14,"Tusco Out-In Pot, Large",1112.52,4.8768,3221362.877,2066170,31844.31742,7280815.969,937.361959,22868.31184,1.748579327,2.286831,2.286831,1.548347,100,67.7071021,100,"8/6/2018","max",17,0,17,0,"","3:27p","7:08p","","",3,41,221,3.683333333,4.615384615,1112.52,"Yes",5.5,4.8768,"",2,NA,"NULL","","No","Yes","NULL","NULL","King",47.43551002,-121.4894961,3650,1112.52,6,2.428116,16,"Mt. Baker-Snoqualmie National Forest","Alpine Lakes Wilderness",2321,"L8594",0.279045990240659,0.369887457012482,0.347582972937708,1.284,13.25,1.99,12.45,1.87,0.440518600731699,36.2762643571212,"Tusco Out-In Pot, Large","Tusco Out-In Pot, Large","Tusco Out-In Pot, Large","Tusco Out-In Pot, Large",619.1,168.081447979012
"57","TPS",18272,34,"PP089_TPS_L5","scrape",352.081,-17.383,17.094,0.265,"PP089_TPS_L5",-17.6129350946401,-20.2354353044457,-4.08812750881244,0.904175493821223,-10.0036152909154,-25.7208979000097,-25.9287995777527,-0.0604051002011184,-0.116185185185185,"PP089","L5",NA,"L","5",15,"Tusco Out-In Pot, Small",1109.472,3.6576,48745.2,0,13513.30581,0,342.551917,6852.014785,1.167380204,0.685202,0.685202,0.206534,100,30.1420603,100,"8/5/2018","max",7,0,7,0,"Likely 5 more fish","9:36a-1:12p","?1:12p-2:15p","","",3,36,216,3.6,1.944444444,1109.472,"Yes",5.5,3.6576,"",2,NA,"21.7","","No","Yes","NULL","NULL","King",47.43510999,-121.4920962,3640,1109.472,1.2,0.4856232,12,"Mt. Baker-Snoqualmie National Forest","Alpine Lakes Wilderness",2320,"L8433",0.471709512986123,0.593129988883178,0.471374001579468,1.106,9.77,1.47,7.76,1.17,3.60720024288416,3.60720024288416,"Tusco Out-In Pot, Small","Tusco Out-In Pot, Small","Tusco Out-In Pot, Small","Tusco Out-In Pot, Small",352.9,98.0277777777778
"58","TPS",18290,52,"PP088_TPS_L4","0",253.993,-14.719,11.638,-0.047,"PP088_TPS_L4",-15.0706654388614,-19.2744545732388,-3.53397764622848,0.927544957354294,-10.422076854838,-24.0746110821358,-24.4007965866275,-0.371103416405777,-0.428185185185185,"PP088","L4",NA,"L","4",15,"Tusco Out-In Pot, Small",1109.472,3.6576,48745.2,0,13513.30581,0,342.551917,6852.014785,1.167380204,0.685202,0.685202,0.206534,100,30.1420603,100,"8/5/2018","max",7,0,7,0,"Likely 5 more fish","9:36a-1:12p","?1:12p-2:15p","","",3,36,216,3.6,1.944444444,1109.472,"Yes",5.5,3.6576,"",2,NA,"21.7","","No","Yes","NULL","NULL","King",47.43510999,-121.4920962,3640,1109.472,1.2,0.4856232,12,"Mt. Baker-Snoqualmie National Forest","Alpine Lakes Wilderness",2320,"L8433",0.471709512986123,0.593129988883178,0.471374001579468,1.106,9.77,1.47,7.76,1.17,3.60720024288416,3.60720024288416,"Tusco Out-In Pot, Small","Tusco Out-In Pot, Small","Tusco Out-In Pot, Small","Tusco Out-In Pot, Small",352.9,98.0277777777778
"59","TPS",18229,53,"PP087_TPS_L3","  1/16",247.142,-13.487,11.504,-0.004,"PP087_TPS_L3",-13.8814729613458,-19.5949412312259,-4.18525790006295,0.947456199211732,-9.73465145728548,-22.5129932160541,-22.8867390687026,-0.498075758542597,-0.534977777777777,"PP087","L3",NA,"L","3",15,"Tusco Out-In Pot, Small",1109.472,3.6576,48745.2,0,13513.30581,0,342.551917,6852.014785,1.167380204,0.685202,0.685202,0.206534,100,30.1420603,100,"8/5/2018","max",7,0,7,0,"Likely 5 more fish","9:36a-1:12p","?1:12p-2:15p","","",3,36,216,3.6,1.944444444,1109.472,"Yes",5.5,3.6576,"",2,NA,"21.7","","No","Yes","NULL","NULL","King",47.43510999,-121.4920962,3640,1109.472,1.2,0.4856232,12,"Mt. Baker-Snoqualmie National Forest","Alpine Lakes Wilderness",2320,"L8433",0.471709512986123,0.593129988883178,0.471374001579468,1.106,9.77,1.47,7.76,1.17,3.60720024288416,3.60720024288416,"Tusco Out-In Pot, Small","Tusco Out-In Pot, Small","Tusco Out-In Pot, Small","Tusco Out-In Pot, Small",352.9,98.0277777777778
"60","TPS",18188,12,"PP086_TPS_L2","2.5 mm sq",48.461,-9.081,2.971,-0.544,"PP086_TPS_L2",-9.17031463275753,-16.8912428678856,-2.65632921032997,1.02564724670814,-10.9755432590747,-20.2894459064313,-20.3810512136098,-1.03604553795024,-1.07497777777778,"PP086","L2",NA,"L","2",15,"Tusco Out-In Pot, Small",1109.472,3.6576,48745.2,0,13513.30581,0,342.551917,6852.014785,1.167380204,0.685202,0.685202,0.206534,100,30.1420603,100,"8/5/2018","max",7,0,7,0,"Likely 5 more fish","9:36a-1:12p","?1:12p-2:15p","","",3,36,216,3.6,1.944444444,1109.472,"Yes",5.5,3.6576,"",2,NA,"21.7","","No","Yes","NULL","NULL","King",47.43510999,-121.4920962,3640,1109.472,1.2,0.4856232,12,"Mt. Baker-Snoqualmie National Forest","Alpine Lakes Wilderness",2320,"L8433",0.471709512986123,0.593129988883178,0.471374001579468,1.106,9.77,1.47,7.76,1.17,3.60720024288416,3.60720024288416,"Tusco Out-In Pot, Small","Tusco Out-In Pot, Small","Tusco Out-In Pot, Small","Tusco Out-In Pot, Small",352.9,98.0277777777778
"61","UML",18278,40,"PP23_UML_L5","scoop with filter",234.968,-15.841,11.112,-0.835,"PP23_UML_L5",-16.1115118760472,-19.0880642052915,-3.42649557772204,0.932218243726829,-10.5057583103982,-25.2730275092749,-25.5252036152709,-1.15581583040985,-1.21618518518518,"PP23","L5",NA,"L","5",16,"Melakwa, Upper",1371.6,5.4864,872925,0,19206.7414,0,460.001721,9272.361742,1.347594846,0.927236,0.927236,0.927236,100,100,100,"8/10/2018","max",11,2,13,1,"","2:18p-6:12p","6:45p-10:15a","","",19,30,1170,19.5,0.666666667,1371.6,"NULL",4.26,5.4864,"N",2,NA,"NULL","","Yes","NULL","NULL","NULL","King",47.45261022,-121.4700959,4500,1371.6,2.11,0.85388746,18,"Mt. Baker-Snoqualmie National Forest","Alpine Lakes Wilderness",132,"L3271",0.137461276171073,0.0496351460560639,0.179296719623021,1.573,25.68,3.87,92.78,13.96,45.448885983335,45.448885983335,"Melakwa, Upper","Melakwa, Upper","Melakwa, Upper","Melakwa, Upper",2114.6,108.441025641026
"62","UML",18263,25,"PP22_UML_L4","  1/8",255.928,-13.35,14.153,-0.582,"PP22_UML_L4",-13.5190699225295,-19.2934120167067,-3.54490946239458,0.927072269229961,-10.4136127404831,-22.7900275347031,-22.946767571441,-0.903871362461843,-0.963185185185185,"PP22","L4",NA,"L","4",16,"Melakwa, Upper",1371.6,5.4864,872925,0,19206.7414,0,460.001721,9272.361742,1.347594846,0.927236,0.927236,0.927236,100,100,100,"8/10/2018","max",11,2,13,1,"","2:18p-6:12p","6:45p-10:15a","","",19,30,1170,19.5,0.666666667,1371.6,"NULL",4.26,5.4864,"N",2,NA,"NULL","","Yes","NULL","NULL","NULL","King",47.45261022,-121.4700959,4500,1371.6,2.11,0.85388746,18,"Mt. Baker-Snoqualmie National Forest","Alpine Lakes Wilderness",132,"L3271",0.137461276171073,0.0496351460560639,0.179296719623021,1.573,25.68,3.87,92.78,13.96,45.448885983335,45.448885983335,"Melakwa, Upper","Melakwa, Upper","Melakwa, Upper","Melakwa, Upper",2114.6,108.441025641026
"63","UML",18218,42,"PP20_UML_L2","flake",283.318,-12.007,22.759,-2.91,"PP20_UML_L2",-12.3196012146514,-20.087232854442,-4.46364649424045,0.934484545570859,-9.52879133424075,-20.7491472729101,-21.0412682769285,-3.39315016402153,-3.44097777777778,"PP20","L2",NA,"L","2",16,"Melakwa, Upper",1371.6,5.4864,872925,0,19206.7414,0,460.001721,9272.361742,1.347594846,0.927236,0.927236,0.927236,100,100,100,"8/10/2018","max",11,2,13,1,"","2:18p-6:12p","6:45p-10:15a","","",19,30,1170,19.5,0.666666667,1371.6,"NULL",4.26,5.4864,"N",2,NA,"NULL","","Yes","NULL","NULL","NULL","King",47.45261022,-121.4700959,4500,1371.6,2.11,0.85388746,18,"Mt. Baker-Snoqualmie National Forest","Alpine Lakes Wilderness",132,"L3271",0.137461276171073,0.0496351460560639,0.179296719623021,1.573,25.68,3.87,92.78,13.96,45.448885983335,45.448885983335,"Melakwa, Upper","Melakwa, Upper","Melakwa, Upper","Melakwa, Upper",2114.6,108.441025641026
"64","UML",18215,39,"PP21_UML_L3"," 1/8",386.636,-13.097,23.269,-0.514,"PP21_UML_L3",-13.387272556462,-21.4932088033429,-5.25871927103255,0.899319930629332,-8.97072894997587,-20.7491220814282,-21.0101699767692,-1.00615832798315,-1.04497777777778,"PP21","L3",NA,"L","3",16,"Melakwa, Upper",1371.6,5.4864,872925,0,19206.7414,0,460.001721,9272.361742,1.347594846,0.927236,0.927236,0.927236,100,100,100,"8/10/2018","max",11,2,13,1,"","2:18p-6:12p","6:45p-10:15a","","",19,30,1170,19.5,0.666666667,1371.6,"NULL",4.26,5.4864,"N",2,NA,"NULL","","Yes","NULL","NULL","NULL","King",47.45261022,-121.4700959,4500,1371.6,2.11,0.85388746,18,"Mt. Baker-Snoqualmie National Forest","Alpine Lakes Wilderness",132,"L3271",0.137461276171073,0.0496351460560639,0.179296719623021,1.573,25.68,3.87,92.78,13.96,45.448885983335,45.448885983335,"Melakwa, Upper","Melakwa, Upper","Melakwa, Upper","Melakwa, Upper",2114.6,108.441025641026
"65","UTL",18201,25,"PP078_UTL_L2","  1/16",157.507,-11.749,7.802,-0.32,"PP078_UTL_L2",-11.9350721515782,-18.3751668048942,-3.49548120725279,0.981203527735444,-10.2702215083106,-21.7983817556743,-21.9809564072162,-0.812887703529294,-0.850977777777777,"PP078","L2",NA,"L","2",17,"Tuscohatchie, Upper",1225.296,66.4464,2066170,0,7280815.969,0,2084.073393,241778.7,1.195636207,24.177871,9.415421,3.026581,38.94230803,12.51797977,30.3,"8/7/2018","13.65",14,0,14,1,"Whirling (1)","11:03a-6:01p","6:01p-7:50a","","",19,47,1187,19.78333333,0.707666386,1225.296,"Yes",5.5,66.4464,"",4,NA,"NULL","","No","Yes","Tuscohatchie, Big","NULL","King",47.43261014,-121.4777957,4020,1225.296,59.5,24.078817,218,"Mt. Baker-Snoqualmie National Forest","Alpine Lakes Wilderness",651,"L4604",0.218321567963936,0.220756017812251,0.23546429796233,1.181,19.56,2.94,20.86,3.14,0.283782753031702,0.283782753031702,"Tuscohatchie, Upper","Tuscohatchie, Upper","Tuscohatchie, Upper","Tuscohatchie, Upper",519.1,26.2392586396359
"66","UTL",18191,15,"PP079_UTL_L3","  1/8",308.891,-11.187,15.902,-0.599,"PP079_UTL_L3",-11.2986432909469,-20.4352363285824,-4.66044081972976,0.925527053064276,-9.38663594213506,-19.7405070847651,-19.8438359708296,-1.09083875622325,-1.12997777777778,"PP079","L3",NA,"L","3",17,"Tuscohatchie, Upper",1225.296,66.4464,2066170,0,7280815.969,0,2084.073393,241778.7,1.195636207,24.177871,9.415421,3.026581,38.94230803,12.51797977,30.3,"8/7/2018","13.65",14,0,14,1,"Whirling (1)","11:03a-6:01p","6:01p-7:50a","","",19,47,1187,19.78333333,0.707666386,1225.296,"Yes",5.5,66.4464,"",4,NA,"NULL","","No","Yes","Tuscohatchie, Big","NULL","King",47.43261014,-121.4777957,4020,1225.296,59.5,24.078817,218,"Mt. Baker-Snoqualmie National Forest","Alpine Lakes Wilderness",651,"L4604",0.218321567963936,0.220756017812251,0.23546429796233,1.181,19.56,2.94,20.86,3.14,0.283782753031702,0.283782753031702,"Tuscohatchie, Upper","Tuscohatchie, Upper","Tuscohatchie, Upper","Tuscohatchie, Upper",519.1,26.2392586396359
"67","UTL",18253,15,"PP081_UTL_L5","  1/6",508.781,-11.323,29.228,-0.095,"PP081_UTL_L5",-11.4244419535177,-21.7706453258564,-4.97340688515722,0.869190495303363,-9.37716200614503,-19.219005984465,-19.3071783662876,-0.41890315736034,-0.476185185185185,"PP081","L5",NA,"L","5",17,"Tuscohatchie, Upper",1225.296,66.4464,2066170,0,7280815.969,0,2084.073393,241778.7,1.195636207,24.177871,9.415421,3.026581,38.94230803,12.51797977,30.3,"8/7/2018","13.65",14,0,14,1,"Whirling (1)","11:03a-6:01p","6:01p-7:50a","","",19,47,1187,19.78333333,0.707666386,1225.296,"Yes",5.5,66.4464,"",4,NA,"NULL","","No","Yes","Tuscohatchie, Big","NULL","King",47.43261014,-121.4777957,4020,1225.296,59.5,24.078817,218,"Mt. Baker-Snoqualmie National Forest","Alpine Lakes Wilderness",651,"L4604",0.218321567963936,0.220756017812251,0.23546429796233,1.181,19.56,2.94,20.86,3.14,0.283782753031702,0.283782753031702,"Tuscohatchie, Upper","Tuscohatchie, Upper","Tuscohatchie, Upper","Tuscohatchie, Upper",519.1,26.2392586396359
"68","UTL",18280,42,"PP080_UTL_L4","0",181.23,-9.58,9.559,0.027,"PP080_UTL_L4",-9.86403746984957,-18.5615861189445,-3.12290181176151,0.945676439099617,-10.7467453349956,-19.80632562157,-20.0749331646282,-0.297412149100826,-0.354185185185185,"PP080","L4",NA,"L","4",17,"Tuscohatchie, Upper",1225.296,66.4464,2066170,0,7280815.969,0,2084.073393,241778.7,1.195636207,24.177871,9.415421,3.026581,38.94230803,12.51797977,30.3,"8/7/2018","13.65",14,0,14,1,"Whirling (1)","11:03a-6:01p","6:01p-7:50a","","",19,47,1187,19.78333333,0.707666386,1225.296,"Yes",5.5,66.4464,"",4,NA,"NULL","","No","Yes","Tuscohatchie, Big","NULL","King",47.43261014,-121.4777957,4020,1225.296,59.5,24.078817,218,"Mt. Baker-Snoqualmie National Forest","Alpine Lakes Wilderness",651,"L4604",0.218321567963936,0.220756017812251,0.23546429796233,1.181,19.56,2.94,20.86,3.14,0.283782753031702,0.283782753031702,"Tuscohatchie, Upper","Tuscohatchie, Upper","Tuscohatchie, Upper","Tuscohatchie, Upper",519.1,26.2392586396359
