"","lakeabv","Analysis","Identifier.1","d13C_VPDB","d15N_air","Comment","Area.44","Area.28","run","type","rep","state","planttype","X","Lake","elev_m","maxdepth_m","WatershedAreaTotal_m2","WatershedAreaofupstreamlakes_m2","Lake_Volume_m3","AddtionalUpstreamVolume_m3","PerimeterLength_m","Area_m2","SDI","Area_ha","IlluminatedBottom_morethan1_ha","MostLightLittoral_morethan50_ha","PerLit_1percentlight","PerLit_50percentofLight","X.Littoral.at.15m","Date.Started","Secchi_m","Rainbow.Trout","Brown.Trout","Total.Fish","Overnight","Notes","Set1","Set2","Set.3","Set4","Hours.net.wet","Minutes","Total.minutes","Total.hours..decimal.","CPUE","X.Elevation_m","Repro","Miles.from.Trailhead","Depth_m","USGS_ReconAlpineLakesReport","Bins","AvgDepth_m","Percent_Littoral","EB","CurrentlyStocked","Has.Natural.Repro","Name_2","Name_3","County","Latitude","Longitude","Elevation_ft","Elevation_m","SizeAcres","Hectares_convertion","Depth_ft","Jurisdiction","Wilderness","CID","GeometryID","kd","kd.below1m","kd.2pt","wateradj","onepercent.kd.2pt","fiftypercent.kd.2pt","onepercent.kd.below1m","fiftypercent.kd.below1m","Totm2overTotm3","Subm2overSubm3","ordered.lit","ordered.depth","ordered.elv","ordered.CPUE","tot.biomass","BMPU"
"1","ANN",18102,"PP02_ANN_TDH",-31.6889088791778,-6.16050518759863,0.999,360.345,9.176,"PP02","TDH",NA,"duff","huckleberry",1,"Annette",1103.376,25.908,1223151.254,0,780443.6107,0,1140.95574,76054.01667,1.167085807,7.605402,7.605402,2.550147,100,33.5307325,70.1,"8/29/2018","8.3",43,0,43,1,"2 salamander in gillnet (alive and released)","2:00p-7:30p","7:30p-9:30a","","",19,30,1170,19.5,2.205128205,1103.376,"Yes",NA,25.908,"N",4,NA,"NULL","","No","NULL","NULL","NULL","King",47.35891021,-121.4742939,3620,1103.376,20.2,8.1746572,85,"Mt. Baker-Snoqualmie National Forest","NULL",98,"L44701",0.177297146083773,0.171400686695528,0.191018851759778,0.859,24.11,3.63,26.87,4.04,1.56725128789628,1.56725128789628,"Annette","Annette","Annette","Annette",3472,178.051282051282
"2","ANN",18088,"PP04_ANN_TDE",-28.8636370143322,-5.85139738460643,2.021,738.621,5.376,"PP04","TDE",NA,"duff","conifer",1,"Annette",1103.376,25.908,1223151.254,0,780443.6107,0,1140.95574,76054.01667,1.167085807,7.605402,7.605402,2.550147,100,33.5307325,70.1,"8/29/2018","8.3",43,0,43,1,"2 salamander in gillnet (alive and released)","2:00p-7:30p","7:30p-9:30a","","",19,30,1170,19.5,2.205128205,1103.376,"Yes",NA,25.908,"N",4,NA,"NULL","","No","NULL","NULL","NULL","King",47.35891021,-121.4742939,3620,1103.376,20.2,8.1746572,85,"Mt. Baker-Snoqualmie National Forest","NULL",98,"L44701",0.177297146083773,0.171400686695528,0.191018851759778,0.859,24.11,3.63,26.87,4.04,1.56725128789628,1.56725128789628,"Annette","Annette","Annette","Annette",3472,178.051282051282
"3","ANN",18094,"PP03_ANN_TLE",-27.3709452813498,-6.07289090397532,1.998,705.348,9.537,"PP03","TLE",NA,"living","conifer",1,"Annette",1103.376,25.908,1223151.254,0,780443.6107,0,1140.95574,76054.01667,1.167085807,7.605402,7.605402,2.550147,100,33.5307325,70.1,"8/29/2018","8.3",43,0,43,1,"2 salamander in gillnet (alive and released)","2:00p-7:30p","7:30p-9:30a","","",19,30,1170,19.5,2.205128205,1103.376,"Yes",NA,25.908,"N",4,NA,"NULL","","No","NULL","NULL","NULL","King",47.35891021,-121.4742939,3620,1103.376,20.2,8.1746572,85,"Mt. Baker-Snoqualmie National Forest","NULL",98,"L44701",0.177297146083773,0.171400686695528,0.191018851759778,0.859,24.11,3.63,26.87,4.04,1.56725128789628,1.56725128789628,"Annette","Annette","Annette","Annette",3472,178.051282051282
"4","ANN",18101,"PP01_ANN_TLH",-31.2077412772053,-5.1704485057248,0.99,351.253,8.717,"PP01","TLH",NA,"living","huckleberry",1,"Annette",1103.376,25.908,1223151.254,0,780443.6107,0,1140.95574,76054.01667,1.167085807,7.605402,7.605402,2.550147,100,33.5307325,70.1,"8/29/2018","8.3",43,0,43,1,"2 salamander in gillnet (alive and released)","2:00p-7:30p","7:30p-9:30a","","",19,30,1170,19.5,2.205128205,1103.376,"Yes",NA,25.908,"N",4,NA,"NULL","","No","NULL","NULL","NULL","King",47.35891021,-121.4742939,3620,1103.376,20.2,8.1746572,85,"Mt. Baker-Snoqualmie National Forest","NULL",98,"L44701",0.177297146083773,0.171400686695528,0.191018851759778,0.859,24.11,3.63,26.87,4.04,1.56725128789628,1.56725128789628,"Annette","Annette","Annette","Annette",3472,178.051282051282
"5","BZL",18086,"PP25_BZL_TLH",-30.5571922807178,-6.28961182157378,1.019,347.532,9.774,"PP25","TLH",NA,"living","huckleberry",2,"Blazer",1237.488,17.9832,582782,318525,205415.0614,141314.4864,835.088028,28941.20336,1.384742537,2.89412,1.810126,0.379223,62.54495322,13.10322309,95,"8/18/2018","9.15",9,0,9,1,"","9:05a-7:30a","","","",22,25,1345,22.41666667,0.401486989,1237.488,"NULL",5,17.9832,"N",4,NA,"NULL","","Yes","NULL","NULL","NULL","King",47.42770954,-121.5357973,4060,1237.488,6.46,2.61427156,59,"Mt. Baker-Snoqualmie National Forest","Alpine Lakes Wilderness",140,"L433",0.509998612382406,0.545960060370068,0.443315525788501,NA,10.39,1.56,8.43,1.27,1.68079704685613,1.28645386661993,"Blazer","Blazer","Blazer","Blazer",352.7,15.7338289939429
"6","BZL",18096,"PP27_BZL_TLE",-28.0022001380432,-11.4379623339929,2.002,727.491,9.883,"PP27","TLE",NA,"living","conifer",2,"Blazer",1237.488,17.9832,582782,318525,205415.0614,141314.4864,835.088028,28941.20336,1.384742537,2.89412,1.810126,0.379223,62.54495322,13.10322309,95,"8/18/2018","9.15",9,0,9,1,"","9:05a-7:30a","","","",22,25,1345,22.41666667,0.401486989,1237.488,"NULL",5,17.9832,"N",4,NA,"NULL","","Yes","NULL","NULL","NULL","King",47.42770954,-121.5357973,4060,1237.488,6.46,2.61427156,59,"Mt. Baker-Snoqualmie National Forest","Alpine Lakes Wilderness",140,"L433",0.509998612382406,0.545960060370068,0.443315525788501,NA,10.39,1.56,8.43,1.27,1.68079704685613,1.28645386661993,"Blazer","Blazer","Blazer","Blazer",352.7,15.7338289939429
"7","BZL",18080,"PP28_BZL_TDE",-29.4768107005167,-5.61682172145269,1.743,643.753,2.206,"PP28","TDE",NA,"duff","conifer",2,"Blazer",1237.488,17.9832,582782,318525,205415.0614,141314.4864,835.088028,28941.20336,1.384742537,2.89412,1.810126,0.379223,62.54495322,13.10322309,95,"8/18/2018","9.15",9,0,9,1,"","9:05a-7:30a","","","",22,25,1345,22.41666667,0.401486989,1237.488,"NULL",5,17.9832,"N",4,NA,"NULL","","Yes","NULL","NULL","NULL","King",47.42770954,-121.5357973,4060,1237.488,6.46,2.61427156,59,"Mt. Baker-Snoqualmie National Forest","Alpine Lakes Wilderness",140,"L433",0.509998612382406,0.545960060370068,0.443315525788501,NA,10.39,1.56,8.43,1.27,1.68079704685613,1.28645386661993,"Blazer","Blazer","Blazer","Blazer",352.7,15.7338289939429
"8","BZL",18097,"PP26_BZL_TDH",-33.4751969192273,-3.47895586599329,0.998,343.365,8.094,"PP26","TDH",NA,"duff","huckleberry",2,"Blazer",1237.488,17.9832,582782,318525,205415.0614,141314.4864,835.088028,28941.20336,1.384742537,2.89412,1.810126,0.379223,62.54495322,13.10322309,95,"8/18/2018","9.15",9,0,9,1,"","9:05a-7:30a","","","",22,25,1345,22.41666667,0.401486989,1237.488,"NULL",5,17.9832,"N",4,NA,"NULL","","Yes","NULL","NULL","NULL","King",47.42770954,-121.5357973,4060,1237.488,6.46,2.61427156,59,"Mt. Baker-Snoqualmie National Forest","Alpine Lakes Wilderness",140,"L433",0.509998612382406,0.545960060370068,0.443315525788501,NA,10.39,1.56,8.43,1.27,1.68079704685613,1.28645386661993,"Blazer","Blazer","Blazer","Blazer",352.7,15.7338289939429
"9","DEN",23634,"PP183_DEN_TDE",-28.1526834869244,-2.51088966100742,NA,458.173,14.591,"PP183","TDE","duo","duff","conifer",3,"Denny",1335.024,70.4088,642392,0,1674032.019,0,1000.851076,57585.75637,1.176540796,5.758576,2.33878,0.889803,40.61386009,15.45178878,31.5,"8/8/2018","12.5",19,0,19,1,"","5:20p-1:30p","","","",20,10,1210,20.16666667,0.94214876,1335.024,"NULL",5.5,70.4088,"N",4,NA,"9.02","EB","Yes","NULL","Evelyn","NULL","King",47.42231021,-121.4713952,4380,1335.024,14.3,5.7870098,231,"Mt. Baker-Snoqualmie National Forest","Alpine Lakes Wilderness",90,"L1064",0.196605180295265,0.213337682042557,0.224207151154811,1.327,20.54,3.09,21.59,3.25,0.383739374581222,0.383739374581222,"Denny","Denny","Denny","Denny",328,16.264462807229
"10","DEN",23601,"PP181_DEN_TDH",-29.4753132030221,-1.8546383124517,1.005,416.703,11.292,"PP181","TDH",NA,"duff","huckleberry",3,"Denny",1335.024,70.4088,642392,0,1674032.019,0,1000.851076,57585.75637,1.176540796,5.758576,2.33878,0.889803,40.61386009,15.45178878,31.5,"8/8/2018","12.5",19,0,19,1,"","5:20p-1:30p","","","",20,10,1210,20.16666667,0.94214876,1335.024,"NULL",5.5,70.4088,"N",4,NA,"9.02","EB","Yes","NULL","Evelyn","NULL","King",47.42231021,-121.4713952,4380,1335.024,14.3,5.7870098,231,"Mt. Baker-Snoqualmie National Forest","Alpine Lakes Wilderness",90,"L1064",0.196605180295265,0.213337682042557,0.224207151154811,1.327,20.54,3.09,21.59,3.25,0.383739374581222,0.383739374581222,"Denny","Denny","Denny","Denny",328,16.264462807229
"11","DEN",23627,"PP180_DEN_TLH",-26.86675093654,-2.80000039230712,1.005,417.244,25.363,"PP180","TLH",NA,"living","huckleberry",3,"Denny",1335.024,70.4088,642392,0,1674032.019,0,1000.851076,57585.75637,1.176540796,5.758576,2.33878,0.889803,40.61386009,15.45178878,31.5,"8/8/2018","12.5",19,0,19,1,"","5:20p-1:30p","","","",20,10,1210,20.16666667,0.94214876,1335.024,"NULL",5.5,70.4088,"N",4,NA,"9.02","EB","Yes","NULL","Evelyn","NULL","King",47.42231021,-121.4713952,4380,1335.024,14.3,5.7870098,231,"Mt. Baker-Snoqualmie National Forest","Alpine Lakes Wilderness",90,"L1064",0.196605180295265,0.213337682042557,0.224207151154811,1.327,20.54,3.09,21.59,3.25,0.383739374581222,0.383739374581222,"Denny","Denny","Denny","Denny",328,16.264462807229
"12","ISL",23593,"PP189_ISL_TDH",-30.7727175641447,-3.08610997414696,1.016,430.136,9.694,"PP189","TDH",NA,"duff","huckleberry",4,"Island",1298.448,30.7848,1301600,0,819547.2372,0,1581.182868,74789.21346,1.631013986,7.478921,4.93203,2.070702,65.94574271,27.68717573,60.2,"8/16/2018","10.4",3,0,3,2,"","11:50a-6:30p","6:45p-7:30a","7:30a-6:30p","11:15a-12:20p",54,90,3330,55.5,0.054054054,1298.448,"NULL",5,30.7848,"N",4,NA,"NULL","","Yes","NULL","NULL","NULL","King",47.42118954,-121.5358972,4260,1298.448,17.78,7.19531708,101,"Mt. Baker-Snoqualmie National Forest","Alpine Lakes Wilderness",95,"L2529",0.27527780262523,0.300588415632478,0.318907041385235,1.494,14.44,2.17,15.32,2.31,1.58819399409721,1.58819399409721,"Island","Island","Island","Island",714.8,12.8792792792793
"13","ISL",23594,"PP188_ISL_TLH",-31.0024712943585,-3.27718315642462,1.007,443.648,11.703,"PP188","TLH",NA,"living","huckleberry",4,"Island",1298.448,30.7848,1301600,0,819547.2372,0,1581.182868,74789.21346,1.631013986,7.478921,4.93203,2.070702,65.94574271,27.68717573,60.2,"8/16/2018","10.4",3,0,3,2,"","11:50a-6:30p","6:45p-7:30a","7:30a-6:30p","11:15a-12:20p",54,90,3330,55.5,0.054054054,1298.448,"NULL",5,30.7848,"N",4,NA,"NULL","","Yes","NULL","NULL","NULL","King",47.42118954,-121.5358972,4260,1298.448,17.78,7.19531708,101,"Mt. Baker-Snoqualmie National Forest","Alpine Lakes Wilderness",95,"L2529",0.27527780262523,0.300588415632478,0.318907041385235,1.494,14.44,2.17,15.32,2.31,1.58819399409721,1.58819399409721,"Island","Island","Island","Island",714.8,12.8792792792793
"14","ISL",23604,"PP190_ISL_TLE",-28.8317608920417,-8.00099240624187,NA,465.488,9.778,"PP190","TLE","duo","living","conifer",4,"Island",1298.448,30.7848,1301600,0,819547.2372,0,1581.182868,74789.21346,1.631013986,7.478921,4.93203,2.070702,65.94574271,27.68717573,60.2,"8/16/2018","10.4",3,0,3,2,"","11:50a-6:30p","6:45p-7:30a","7:30a-6:30p","11:15a-12:20p",54,90,3330,55.5,0.054054054,1298.448,"NULL",5,30.7848,"N",4,NA,"NULL","","Yes","NULL","NULL","NULL","King",47.42118954,-121.5358972,4260,1298.448,17.78,7.19531708,101,"Mt. Baker-Snoqualmie National Forest","Alpine Lakes Wilderness",95,"L2529",0.27527780262523,0.300588415632478,0.318907041385235,1.494,14.44,2.17,15.32,2.31,1.58819399409721,1.58819399409721,"Island","Island","Island","Island",714.8,12.8792792792793
"15","ISL",23686,"PP191_ISL_TDE",-29.5743745632387,-4.97454678050254,NA,470.939,11.877,"PP191","TDE","duo","duff","conifer",4,"Island",1298.448,30.7848,1301600,0,819547.2372,0,1581.182868,74789.21346,1.631013986,7.478921,4.93203,2.070702,65.94574271,27.68717573,60.2,"8/16/2018","10.4",3,0,3,2,"","11:50a-6:30p","6:45p-7:30a","7:30a-6:30p","11:15a-12:20p",54,90,3330,55.5,0.054054054,1298.448,"NULL",5,30.7848,"N",4,NA,"NULL","","Yes","NULL","NULL","NULL","King",47.42118954,-121.5358972,4260,1298.448,17.78,7.19531708,101,"Mt. Baker-Snoqualmie National Forest","Alpine Lakes Wilderness",95,"L2529",0.27527780262523,0.300588415632478,0.318907041385235,1.494,14.44,2.17,15.32,2.31,1.58819399409721,1.58819399409721,"Island","Island","Island","Island",714.8,12.8792792792793
"16","KKL",23677,"PP186_KKL_TLE",-30.5139767270599,-8.83962328085981,NA,452.997,10.469,"PP186","TLE","duo","living","conifer",5,"Kulla Kulla",1147.572,64.008,1390820,0,6195620.368,0,2158.049844,233661.9462,1.259396681,23.366195,9.653675,3.308035,41.31470699,14.15735425,35.6,"8/19/2018","9.4",12,0,12,1,"","11:07a-6:35p","6:35p-12:30p","","",25,23,1523,25.38333333,0.472751149,1147.572,"NULL",5,64.008,"YES",4,NA,"NULL","","Yes","NULL","NULL","NULL","King",47.432065,-121.549001,3765,1147.572,59.53,24.09095758,210,"Mt. Baker-Snoqualmie National Forest","Alpine Lakes Wilderness",136,"L2718",0.269936236969826,0.258168239608622,0.274477486063991,NA,16.78,2.53,17.84,2.68,0.22448438048004,0.22448438048004,"Kulla Kulla","Kulla Kulla","Kulla Kulla","Kulla Kulla",1083.3,42.6776099859065
"17","KKL",23599,"PP185_KKL_TDH",-32.1689061232639,-5.4400115338293,1.001,432.649,8.383,"PP185","TDH",NA,"duff","huckleberry",5,"Kulla Kulla",1147.572,64.008,1390820,0,6195620.368,0,2158.049844,233661.9462,1.259396681,23.366195,9.653675,3.308035,41.31470699,14.15735425,35.6,"8/19/2018","9.4",12,0,12,1,"","11:07a-6:35p","6:35p-12:30p","","",25,23,1523,25.38333333,0.472751149,1147.572,"NULL",5,64.008,"YES",4,NA,"NULL","","Yes","NULL","NULL","NULL","King",47.432065,-121.549001,3765,1147.572,59.53,24.09095758,210,"Mt. Baker-Snoqualmie National Forest","Alpine Lakes Wilderness",136,"L2718",0.269936236969826,0.258168239608622,0.274477486063991,NA,16.78,2.53,17.84,2.68,0.22448438048004,0.22448438048004,"Kulla Kulla","Kulla Kulla","Kulla Kulla","Kulla Kulla",1083.3,42.6776099859065
"18","KKL",23613,"PP184_KKL_TLH",-31.515009894532,-6.60445752425439,1,430.464,11.359,"PP184","TLH",NA,"living","huckleberry",5,"Kulla Kulla",1147.572,64.008,1390820,0,6195620.368,0,2158.049844,233661.9462,1.259396681,23.366195,9.653675,3.308035,41.31470699,14.15735425,35.6,"8/19/2018","9.4",12,0,12,1,"","11:07a-6:35p","6:35p-12:30p","","",25,23,1523,25.38333333,0.472751149,1147.572,"NULL",5,64.008,"YES",4,NA,"NULL","","Yes","NULL","NULL","NULL","King",47.432065,-121.549001,3765,1147.572,59.53,24.09095758,210,"Mt. Baker-Snoqualmie National Forest","Alpine Lakes Wilderness",136,"L2718",0.269936236969826,0.258168239608622,0.274477486063991,NA,16.78,2.53,17.84,2.68,0.22448438048004,0.22448438048004,"Kulla Kulla","Kulla Kulla","Kulla Kulla","Kulla Kulla",1083.3,42.6776099859065
"19","KKL",23631,"PP187_KKL_TDE",-29.0219420586095,-6.58745101064852,NA,464.078,7.522,"PP187","TDE","duo","duff","conifer",5,"Kulla Kulla",1147.572,64.008,1390820,0,6195620.368,0,2158.049844,233661.9462,1.259396681,23.366195,9.653675,3.308035,41.31470699,14.15735425,35.6,"8/19/2018","9.4",12,0,12,1,"","11:07a-6:35p","6:35p-12:30p","","",25,23,1523,25.38333333,0.472751149,1147.572,"NULL",5,64.008,"YES",4,NA,"NULL","","Yes","NULL","NULL","NULL","King",47.432065,-121.549001,3765,1147.572,59.53,24.09095758,210,"Mt. Baker-Snoqualmie National Forest","Alpine Lakes Wilderness",136,"L2718",0.269936236969826,0.258168239608622,0.274477486063991,NA,16.78,2.53,17.84,2.68,0.22448438048004,0.22448438048004,"Kulla Kulla","Kulla Kulla","Kulla Kulla","Kulla Kulla",1083.3,42.6776099859065
"20","LMA",23658,"PP198_LMA_TLE",-32.9052973094174,-11.6197132986129,NA,450.772,8.372,"PP198","TLE","duo","living","conifer",6,"Mason, Little",1298.448,7.1628,116697,0,61653.34721,0,573.026057,19812.1361,1.14842804,1.981214,1.981214,0.557452,100,28.13688981,100,"8/21/2018","max",6,0,6,1,"stickleback (dead)","3:45p-6:45p","6:45p-12:45p","","",21,NA,1260,21,0.285714286,1298.448,"NULL",5,7.1628,"N",3,NA,"NULL","","Yes","NULL","Mirror","Herbert","King",47.428436,-121.556983,4260,1298.448,5.45,2.2055387,23.5,"Mt. Baker-Snoqualmie National Forest","Alpine Lakes Wilderness",137,"L2956",0.579608765363596,0.521127414277576,0.614866410796435,1.487,7.49,1.13,8.84,1.33,1.89279261031057,1.89279261031057,"Mason, Little","Mason, Little","Mason, Little","Mason, Little",1108.2,52.7714285714286
"21","LMA",23656,"PP197_LMA_TDH",-32.3955946094085,-2.5150437197516,0.996,429.027,10.901,"PP197","TDH",NA,"duff","huckleberry",6,"Mason, Little",1298.448,7.1628,116697,0,61653.34721,0,573.026057,19812.1361,1.14842804,1.981214,1.981214,0.557452,100,28.13688981,100,"8/21/2018","max",6,0,6,1,"stickleback (dead)","3:45p-6:45p","6:45p-12:45p","","",21,NA,1260,21,0.285714286,1298.448,"NULL",5,7.1628,"N",3,NA,"NULL","","Yes","NULL","Mirror","Herbert","King",47.428436,-121.556983,4260,1298.448,5.45,2.2055387,23.5,"Mt. Baker-Snoqualmie National Forest","Alpine Lakes Wilderness",137,"L2956",0.579608765363596,0.521127414277576,0.614866410796435,1.487,7.49,1.13,8.84,1.33,1.89279261031057,1.89279261031057,"Mason, Little","Mason, Little","Mason, Little","Mason, Little",1108.2,52.7714285714286
"22","LMA",23687,"PP199_LMA_TDE",-28.4994412576518,-8.92077185435098,NA,464.977,10.108,"PP199","TDE","duo","duff","conifer",6,"Mason, Little",1298.448,7.1628,116697,0,61653.34721,0,573.026057,19812.1361,1.14842804,1.981214,1.981214,0.557452,100,28.13688981,100,"8/21/2018","max",6,0,6,1,"stickleback (dead)","3:45p-6:45p","6:45p-12:45p","","",21,NA,1260,21,0.285714286,1298.448,"NULL",5,7.1628,"N",3,NA,"NULL","","Yes","NULL","Mirror","Herbert","King",47.428436,-121.556983,4260,1298.448,5.45,2.2055387,23.5,"Mt. Baker-Snoqualmie National Forest","Alpine Lakes Wilderness",137,"L2956",0.579608765363596,0.521127414277576,0.614866410796435,1.487,7.49,1.13,8.84,1.33,1.89279261031057,1.89279261031057,"Mason, Little","Mason, Little","Mason, Little","Mason, Little",1108.2,52.7714285714286
"23","LMA",23403,"PP196_LMA_TLH",-32.2946848236332,-4.62541805275136,1.014,433.471,16.791,"PP196","TLH",NA,"living","huckleberry",6,"Mason, Little",1298.448,7.1628,116697,0,61653.34721,0,573.026057,19812.1361,1.14842804,1.981214,1.981214,0.557452,100,28.13688981,100,"8/21/2018","max",6,0,6,1,"stickleback (dead)","3:45p-6:45p","6:45p-12:45p","","",21,NA,1260,21,0.285714286,1298.448,"NULL",5,7.1628,"N",3,NA,"NULL","","Yes","NULL","Mirror","Herbert","King",47.428436,-121.556983,4260,1298.448,5.45,2.2055387,23.5,"Mt. Baker-Snoqualmie National Forest","Alpine Lakes Wilderness",137,"L2956",0.579608765363596,0.521127414277576,0.614866410796435,1.487,7.49,1.13,8.84,1.33,1.89279261031057,1.89279261031057,"Mason, Little","Mason, Little","Mason, Little","Mason, Little",1108.2,52.7714285714286
"24","LML",23621,"PP160_LML_TLH",-30.1853049056658,-2.14474942690468,1.018,444.451,14.934,"PP160","TLH",NA,"living","huckleberry",7,"Melakwa, Lower",1368.552,13.8684,1210213,872925,236204.1795,19206.7414,964.770028,38258.27563,1.39141338,3.825828,3.825828,2.160312,100,56.46652176,100,"8/10/2018","9",17,6,23,1,"","1:50p-3:45p","9:52a-2:15p","11:15a-4:20p","4:20p-1:25p",43,88,2668,44.46666667,0.517241379,1368.552,"NULL",4.25,13.8684,"N",4,NA,"NULL","","Yes","NULL","NULL","NULL","King",47.45001023,-121.4687958,4490,1368.552,9.1,3.6826426,45.5,"Mt. Baker-Snoqualmie National Forest","Alpine Lakes Wilderness",133,"L3270",0.115015422303765,0.102783506577044,0.211657744997687,1.561,21.76,3.27,44.8,6.74,4.73829778200373,1.42795102404189,"Melakwa, Lower","Melakwa, Lower","Melakwa, Lower","Melakwa, Lower",5319.8,119.635682149952
"25","LML",23585,"PP161_LML_TDH",-30.4412823074022,-2.23078237808729,1.007,430.474,13.75,"PP161","TDH",NA,"duff","huckleberry",7,"Melakwa, Lower",1368.552,13.8684,1210213,872925,236204.1795,19206.7414,964.770028,38258.27563,1.39141338,3.825828,3.825828,2.160312,100,56.46652176,100,"8/10/2018","9",17,6,23,1,"","1:50p-3:45p","9:52a-2:15p","11:15a-4:20p","4:20p-1:25p",43,88,2668,44.46666667,0.517241379,1368.552,"NULL",4.25,13.8684,"N",4,NA,"NULL","","Yes","NULL","NULL","NULL","King",47.45001023,-121.4687958,4490,1368.552,9.1,3.6826426,45.5,"Mt. Baker-Snoqualmie National Forest","Alpine Lakes Wilderness",133,"L3270",0.115015422303765,0.102783506577044,0.211657744997687,1.561,21.76,3.27,44.8,6.74,4.73829778200373,1.42795102404189,"Melakwa, Lower","Melakwa, Lower","Melakwa, Lower","Melakwa, Lower",5319.8,119.635682149952
"26","LML",23633,"PP162_LML_TLE",-29.2357177921749,-4.03547358661553,NA,430.844,10.645,"PP162","TLE","duo","living","conifer",7,"Melakwa, Lower",1368.552,13.8684,1210213,872925,236204.1795,19206.7414,964.770028,38258.27563,1.39141338,3.825828,3.825828,2.160312,100,56.46652176,100,"8/10/2018","9",17,6,23,1,"","1:50p-3:45p","9:52a-2:15p","11:15a-4:20p","4:20p-1:25p",43,88,2668,44.46666667,0.517241379,1368.552,"NULL",4.25,13.8684,"N",4,NA,"NULL","","Yes","NULL","NULL","NULL","King",47.45001023,-121.4687958,4490,1368.552,9.1,3.6826426,45.5,"Mt. Baker-Snoqualmie National Forest","Alpine Lakes Wilderness",133,"L3270",0.115015422303765,0.102783506577044,0.211657744997687,1.561,21.76,3.27,44.8,6.74,4.73829778200373,1.42795102404189,"Melakwa, Lower","Melakwa, Lower","Melakwa, Lower","Melakwa, Lower",5319.8,119.635682149952
"27","LML",23670,"PP163_LML_TDE",-29.6567770194634,-4.81425330200146,NA,462.961,10.643,"PP163","TDE","duo","duff","conifer",7,"Melakwa, Lower",1368.552,13.8684,1210213,872925,236204.1795,19206.7414,964.770028,38258.27563,1.39141338,3.825828,3.825828,2.160312,100,56.46652176,100,"8/10/2018","9",17,6,23,1,"","1:50p-3:45p","9:52a-2:15p","11:15a-4:20p","4:20p-1:25p",43,88,2668,44.46666667,0.517241379,1368.552,"NULL",4.25,13.8684,"N",4,NA,"NULL","","Yes","NULL","NULL","NULL","King",47.45001023,-121.4687958,4490,1368.552,9.1,3.6826426,45.5,"Mt. Baker-Snoqualmie National Forest","Alpine Lakes Wilderness",133,"L3270",0.115015422303765,0.102783506577044,0.211657744997687,1.561,21.76,3.27,44.8,6.74,4.73829778200373,1.42795102404189,"Melakwa, Lower","Melakwa, Lower","Melakwa, Lower","Melakwa, Lower",5319.8,119.635682149952
"28","LOG",18109,"PP37_LOG_TLH",-32.4884765915791,-1.11511063404317,1.011,347.747,9.824,"PP37","TLH",NA,"living","huckleberry",8,"Lodge",952.5,5.4864,993869,0,111281.0797,0,760.798722,38166.48244,1.098559982,3.816648,3.815289,0.569294,99.96439284,14.91607295,100,"9/2/2018","max",3,2,5,1,"","2:30p-6:45p","6:45p-11a","","",20,30,1230,20.5,0.243902439,952.5,"NULL",NA,5.4864,"N",2,NA,"NULL","","Yes","NULL","NULL","NULL","King",47.40931064,-121.4301937,3125,952.5,9.3,3.7635798,18,"Mt. Baker-Snoqualmie National Forest","NULL",101,"L2979",0.703669930456958,0.832979758371585,0.475893947383648,0.832,9.68,1.46,5.53,0.83,8.93115885179536,8.93115885179536,"Lodge","Lodge","Lodge","Lodge",2019.3,98.5024390243902
"29","LOG",18092,"PP40_LOG_TDE",-33.2129248981799,-3.83039034391536,1.866,686,8.166,"PP40","TDE",NA,"duff","conifer",8,"Lodge",952.5,5.4864,993869,0,111281.0797,0,760.798722,38166.48244,1.098559982,3.816648,3.815289,0.569294,99.96439284,14.91607295,100,"9/2/2018","max",3,2,5,1,"","2:30p-6:45p","6:45p-11a","","",20,30,1230,20.5,0.243902439,952.5,"NULL",NA,5.4864,"N",2,NA,"NULL","","Yes","NULL","NULL","NULL","King",47.40931064,-121.4301937,3125,952.5,9.3,3.7635798,18,"Mt. Baker-Snoqualmie National Forest","NULL",101,"L2979",0.703669930456958,0.832979758371585,0.475893947383648,0.832,9.68,1.46,5.53,0.83,8.93115885179536,8.93115885179536,"Lodge","Lodge","Lodge","Lodge",2019.3,98.5024390243902
"30","LOG",18098,"PP39_LOG_TLE",-33.7225945526018,-6.48297580199877,1.753,633.067,6.635,"PP39","TLE",NA,"living","conifer",8,"Lodge",952.5,5.4864,993869,0,111281.0797,0,760.798722,38166.48244,1.098559982,3.816648,3.815289,0.569294,99.96439284,14.91607295,100,"9/2/2018","max",3,2,5,1,"","2:30p-6:45p","6:45p-11a","","",20,30,1230,20.5,0.243902439,952.5,"NULL",NA,5.4864,"N",2,NA,"NULL","","Yes","NULL","NULL","NULL","King",47.40931064,-121.4301937,3125,952.5,9.3,3.7635798,18,"Mt. Baker-Snoqualmie National Forest","NULL",101,"L2979",0.703669930456958,0.832979758371585,0.475893947383648,0.832,9.68,1.46,5.53,0.83,8.93115885179536,8.93115885179536,"Lodge","Lodge","Lodge","Lodge",2019.3,98.5024390243902
"31","LOG",18084,"PP38_LOG_TDH",-32.0972580385002,-2.46244711143475,0.995,333.004,10.41,"PP38","TDH",NA,"duff","huckleberry",8,"Lodge",952.5,5.4864,993869,0,111281.0797,0,760.798722,38166.48244,1.098559982,3.816648,3.815289,0.569294,99.96439284,14.91607295,100,"9/2/2018","max",3,2,5,1,"","2:30p-6:45p","6:45p-11a","","",20,30,1230,20.5,0.243902439,952.5,"NULL",NA,5.4864,"N",2,NA,"NULL","","Yes","NULL","NULL","NULL","King",47.40931064,-121.4301937,3125,952.5,9.3,3.7635798,18,"Mt. Baker-Snoqualmie National Forest","NULL",101,"L2979",0.703669930456958,0.832979758371585,0.475893947383648,0.832,9.68,1.46,5.53,0.83,8.93115885179536,8.93115885179536,"Lodge","Lodge","Lodge","Lodge",2019.3,98.5024390243902
"32","LTL",23587,"PP167_LTL_TDE",-28.960916517361,-4.6517096090398,NA,461.118,7.974,"PP167","TDE","duo","duff","conifer",9,"Tuscohatchie, Lower",1042.416,39.624,4684870,3270108.077,2365654.752,7326173.592,1682.012924,124561.0547,1.344414717,12.456105,4.917598,1.207475,39.47941993,9.693840892,43.3,"8/11/2018","11",10,0,10,1,"Whirling (1)","8:30p-8:30a","","","",12,NA,720,12,0.833333333,1042.416,"Yes",5.5,39.624,"",4,NA,"NULL","EB","No","Yes","NULL","NULL","King",47.43870995,-121.4964964,3420,1042.416,31.8,12.8690148,130,"Mt. Baker-Snoqualmie National Forest","Alpine Lakes Wilderness",142,"L4603",0.334943990492082,0.334943990492082,0.304897443215535,-0.376,15.1,2.27,13.75,2.07,0.483383509665676,0.598042432778458,"Tuscohatchie, Lower","Tuscohatchie, Lower","Tuscohatchie, Lower","Tuscohatchie, Lower",552.8,46.0666666666667
"33","LTL",23635,"PP164_LTL_TLH",-29.4902817492637,-0.232016837821546,1.009,432.924,9.929,"PP164","TLH",NA,"living","huckleberry",9,"Tuscohatchie, Lower",1042.416,39.624,4684870,3270108.077,2365654.752,7326173.592,1682.012924,124561.0547,1.344414717,12.456105,4.917598,1.207475,39.47941993,9.693840892,43.3,"8/11/2018","11",10,0,10,1,"Whirling (1)","8:30p-8:30a","","","",12,NA,720,12,0.833333333,1042.416,"Yes",5.5,39.624,"",4,NA,"NULL","EB","No","Yes","NULL","NULL","King",47.43870995,-121.4964964,3420,1042.416,31.8,12.8690148,130,"Mt. Baker-Snoqualmie National Forest","Alpine Lakes Wilderness",142,"L4603",0.334943990492082,0.334943990492082,0.304897443215535,-0.376,15.1,2.27,13.75,2.07,0.483383509665676,0.598042432778458,"Tuscohatchie, Lower","Tuscohatchie, Lower","Tuscohatchie, Lower","Tuscohatchie, Lower",552.8,46.0666666666667
"34","LTL",23657,"PP166_LTL_TLE",-29.7711086718994,-4.63492497292838,NA,442.447,9.202,"PP166","TLE","duo","living","conifer",9,"Tuscohatchie, Lower",1042.416,39.624,4684870,3270108.077,2365654.752,7326173.592,1682.012924,124561.0547,1.344414717,12.456105,4.917598,1.207475,39.47941993,9.693840892,43.3,"8/11/2018","11",10,0,10,1,"Whirling (1)","8:30p-8:30a","","","",12,NA,720,12,0.833333333,1042.416,"Yes",5.5,39.624,"",4,NA,"NULL","EB","No","Yes","NULL","NULL","King",47.43870995,-121.4964964,3420,1042.416,31.8,12.8690148,130,"Mt. Baker-Snoqualmie National Forest","Alpine Lakes Wilderness",142,"L4603",0.334943990492082,0.334943990492082,0.304897443215535,-0.376,15.1,2.27,13.75,2.07,0.483383509665676,0.598042432778458,"Tuscohatchie, Lower","Tuscohatchie, Lower","Tuscohatchie, Lower","Tuscohatchie, Lower",552.8,46.0666666666667
"35","LTL",23615,"PP165_LTL_TDH",-28.4526121826891,-6.00222686597612,1.007,443.153,7.912,"PP165","TDH",NA,"duff","huckleberry",9,"Tuscohatchie, Lower",1042.416,39.624,4684870,3270108.077,2365654.752,7326173.592,1682.012924,124561.0547,1.344414717,12.456105,4.917598,1.207475,39.47941993,9.693840892,43.3,"8/11/2018","11",10,0,10,1,"Whirling (1)","8:30p-8:30a","","","",12,NA,720,12,0.833333333,1042.416,"Yes",5.5,39.624,"",4,NA,"NULL","EB","No","Yes","NULL","NULL","King",47.43870995,-121.4964964,3420,1042.416,31.8,12.8690148,130,"Mt. Baker-Snoqualmie National Forest","Alpine Lakes Wilderness",142,"L4603",0.334943990492082,0.334943990492082,0.304897443215535,-0.376,15.1,2.27,13.75,2.07,0.483383509665676,0.598042432778458,"Tuscohatchie, Lower","Tuscohatchie, Lower","Tuscohatchie, Lower","Tuscohatchie, Lower",552.8,46.0666666666667
"36","MAS",23659,"PP192_MAS_TLH",-33.2748504120804,-0.640611855529609,1.004,414.859,13.927,"PP192","TLH",NA,"living","huckleberry",10,"Mason",1274.064,28.0416,667396,0,1755616.315,0,1600.82138,126880.7515,1.267768839,12.68808,7.92071,1.963,62.4263876,15.47121393,50.6,"8/20/2018","9.75",13,0,13,1,"crayfish","3:20p-7:30p","7:30p-1:30p","","",22,10,1330,22.16666667,0.586466165,1274.064,"NULL",5,28.0416,"YES",4,NA,"NULL","","Yes","NULL","Mason, big","Short","King",47.42465935,-121.5543378,4180,1274.064,32.69,13.22918534,92,"Mt. Baker-Snoqualmie National Forest","Alpine Lakes Wilderness",96,"L3227",0.252531863694225,0.257213640999294,0.278747545626824,1.445,16.52,2.49,17.9,2.69,0.380149121592095,0.380149121592095,"Mason","Mason","Mason","Mason",1898,85.6240601375001
"37","MAS",23427,"PP194_MAS_TLE",-30.7992811920735,-6.47667473314457,NA,433.409,9.328,"PP194","TLE","duo","living","conifer",10,"Mason",1274.064,28.0416,667396,0,1755616.315,0,1600.82138,126880.7515,1.267768839,12.68808,7.92071,1.963,62.4263876,15.47121393,50.6,"8/20/2018","9.75",13,0,13,1,"crayfish","3:20p-7:30p","7:30p-1:30p","","",22,10,1330,22.16666667,0.586466165,1274.064,"NULL",5,28.0416,"YES",4,NA,"NULL","","Yes","NULL","Mason, big","Short","King",47.42465935,-121.5543378,4180,1274.064,32.69,13.22918534,92,"Mt. Baker-Snoqualmie National Forest","Alpine Lakes Wilderness",96,"L3227",0.252531863694225,0.257213640999294,0.278747545626824,1.445,16.52,2.49,17.9,2.69,0.380149121592095,0.380149121592095,"Mason","Mason","Mason","Mason",1898,85.6240601375001
"38","MAS",23683,"PP193_MAS_TDH",-32.4080273169238,-1.66248278097399,0.999,432.316,14.567,"PP193","TDH",NA,"duff","huckleberry",10,"Mason",1274.064,28.0416,667396,0,1755616.315,0,1600.82138,126880.7515,1.267768839,12.68808,7.92071,1.963,62.4263876,15.47121393,50.6,"8/20/2018","9.75",13,0,13,1,"crayfish","3:20p-7:30p","7:30p-1:30p","","",22,10,1330,22.16666667,0.586466165,1274.064,"NULL",5,28.0416,"YES",4,NA,"NULL","","Yes","NULL","Mason, big","Short","King",47.42465935,-121.5543378,4180,1274.064,32.69,13.22918534,92,"Mt. Baker-Snoqualmie National Forest","Alpine Lakes Wilderness",96,"L3227",0.252531863694225,0.257213640999294,0.278747545626824,1.445,16.52,2.49,17.9,2.69,0.380149121592095,0.380149121592095,"Mason","Mason","Mason","Mason",1898,85.6240601375001
"39","MAS",23419,"PP195_MAS_TDE",-31.2495687634674,-4.6534825828277,NA,442.641,9.499,"PP195","TDE","duo","duff","conifer",10,"Mason",1274.064,28.0416,667396,0,1755616.315,0,1600.82138,126880.7515,1.267768839,12.68808,7.92071,1.963,62.4263876,15.47121393,50.6,"8/20/2018","9.75",13,0,13,1,"crayfish","3:20p-7:30p","7:30p-1:30p","","",22,10,1330,22.16666667,0.586466165,1274.064,"NULL",5,28.0416,"YES",4,NA,"NULL","","Yes","NULL","Mason, big","Short","King",47.42465935,-121.5543378,4180,1274.064,32.69,13.22918534,92,"Mt. Baker-Snoqualmie National Forest","Alpine Lakes Wilderness",96,"L3227",0.252531863694225,0.257213640999294,0.278747545626824,1.445,16.52,2.49,17.9,2.69,0.380149121592095,0.380149121592095,"Mason","Mason","Mason","Mason",1898,85.6240601375001
"40","OLA",23618,"PP206_OLA_TLE",-33.3735454682714,-5.17591038136175,NA,456.453,10.509,"PP206","TLE","duo","living","conifer",11,"Olallie",1152.144,12.192,1301600,0,377041,0,1049,55594,1.255037189,5.559385,3.472687,0.747112,62.46530866,13.43875267,100,"8/27/2018","7.25",17,0,17,1,"crayfish","1:30p-7:00p","7:00p-10:00a","","",20,30,1230,20.5,0.829268293,1152.144,"Yes",3,12.192,"N",4,NA,"NULL","","No","Yes","Divide","NULL","King",47.42220981,-121.5103964,3780,1152.144,13.4,5.4227924,40,"Mt. Baker-Snoqualmie National Forest","Alpine Lakes Wilderness",92,"L3499",0.411061535923991,0.526094994966801,0.440967635497322,1.338,10.44,1.57,8.75,1.32,3.45214446174289,3.45214446174289,"Olallie","Olallie","Olallie","Olallie",966.7,47.1560975609756
"41","OLA",23628,"PP205_OLA_TDH",-30.5613055467322,-1.40346551031964,1.004,430.978,13.736,"PP205","TDH",NA,"duff","huckleberry",11,"Olallie",1152.144,12.192,1301600,0,377041,0,1049,55594,1.255037189,5.559385,3.472687,0.747112,62.46530866,13.43875267,100,"8/27/2018","7.25",17,0,17,1,"crayfish","1:30p-7:00p","7:00p-10:00a","","",20,30,1230,20.5,0.829268293,1152.144,"Yes",3,12.192,"N",4,NA,"NULL","","No","Yes","Divide","NULL","King",47.42220981,-121.5103964,3780,1152.144,13.4,5.4227924,40,"Mt. Baker-Snoqualmie National Forest","Alpine Lakes Wilderness",92,"L3499",0.411061535923991,0.526094994966801,0.440967635497322,1.338,10.44,1.57,8.75,1.32,3.45214446174289,3.45214446174289,"Olallie","Olallie","Olallie","Olallie",966.7,47.1560975609756
"42","OLA",23671,"PP207_OLA_TDE",-31.78090628594,-0.75582279320226,NA,451.946,8.991,"PP207","TDE","duo","duff","conifer",11,"Olallie",1152.144,12.192,1301600,0,377041,0,1049,55594,1.255037189,5.559385,3.472687,0.747112,62.46530866,13.43875267,100,"8/27/2018","7.25",17,0,17,1,"crayfish","1:30p-7:00p","7:00p-10:00a","","",20,30,1230,20.5,0.829268293,1152.144,"Yes",3,12.192,"N",4,NA,"NULL","","No","Yes","Divide","NULL","King",47.42220981,-121.5103964,3780,1152.144,13.4,5.4227924,40,"Mt. Baker-Snoqualmie National Forest","Alpine Lakes Wilderness",92,"L3499",0.411061535923991,0.526094994966801,0.440967635497322,1.338,10.44,1.57,8.75,1.32,3.45214446174289,3.45214446174289,"Olallie","Olallie","Olallie","Olallie",966.7,47.1560975609756
"43","OLA",23622,"PP204_OLA_TLH",-30.6983328178849,1.02046287009273,1.016,440.905,12.09,"PP204","TLH",NA,"living","huckleberry",11,"Olallie",1152.144,12.192,1301600,0,377041,0,1049,55594,1.255037189,5.559385,3.472687,0.747112,62.46530866,13.43875267,100,"8/27/2018","7.25",17,0,17,1,"crayfish","1:30p-7:00p","7:00p-10:00a","","",20,30,1230,20.5,0.829268293,1152.144,"Yes",3,12.192,"N",4,NA,"NULL","","No","Yes","Divide","NULL","King",47.42220981,-121.5103964,3780,1152.144,13.4,5.4227924,40,"Mt. Baker-Snoqualmie National Forest","Alpine Lakes Wilderness",92,"L3499",0.411061535923991,0.526094994966801,0.440967635497322,1.338,10.44,1.57,8.75,1.32,3.45214446174289,3.45214446174289,"Olallie","Olallie","Olallie","Olallie",966.7,47.1560975609756
"44","RBL",23662,"PP156_RBL_TLH",-29.1992604127185,-1.8868936508755,0.994,434.069,12.885,"PP156","TLH",NA,"living","huckleberry",12,"Rainbow",1301.496,13.335,318525,0,141314.4864,0,850.709802,26215.4819,1.48216851,2.621548,2.074309,0.599783,79.12534884,22.87896312,NA,"8/17/2018","7.8",0,0,0,3,"","7:30p-8:15a","3p-11a","3:45p-9:45a","",50,NA,3000,50,0,1301.496,"NULL",5,13.335,"",4,NA,"NULL","","Yes","NULL","Trail","Long","King",47.42522953,-121.5363973,4270,1301.496,6.38,2.58189668,43.75,"Mt. Baker-Snoqualmie National Forest","Alpine Lakes Wilderness",94,"L3831",0.438413469702404,0.53931634235125,0.581009557161508,NA,7.93,1.19,8.54,1.29,2.25401519769455,2.25401519769455,"Rainbow","Rainbow","Rainbow","Rainbow",NA,NA
"45","RBL",23606,"PP157_RBL_TDH",-31.1607918449381,-1.05733293928263,1.014,438.839,10.851,"PP157","TDH",NA,"duff","huckleberry",12,"Rainbow",1301.496,13.335,318525,0,141314.4864,0,850.709802,26215.4819,1.48216851,2.621548,2.074309,0.599783,79.12534884,22.87896312,NA,"8/17/2018","7.8",0,0,0,3,"","7:30p-8:15a","3p-11a","3:45p-9:45a","",50,NA,3000,50,0,1301.496,"NULL",5,13.335,"",4,NA,"NULL","","Yes","NULL","Trail","Long","King",47.42522953,-121.5363973,4270,1301.496,6.38,2.58189668,43.75,"Mt. Baker-Snoqualmie National Forest","Alpine Lakes Wilderness",94,"L3831",0.438413469702404,0.53931634235125,0.581009557161508,NA,7.93,1.19,8.54,1.29,2.25401519769455,2.25401519769455,"Rainbow","Rainbow","Rainbow","Rainbow",NA,NA
"46","SCT",23616,"PP203_SCT_TDE",-28.4378228192475,-6.13927935797632,NA,466.682,7.948,"PP203","TDE","duo","duff","conifer",13,"Scout",1173.48,4.8006,702539.555,0,65621.32833,0,810.189533,25787.98835,1.423223033,2.578799,2.578799,0.8432,100,32.69739131,100,"9/1/2018","max",2,6,8,1,"","12:45p-4:15p","4:15p-9:30a","","",20,45,1245,20.75,0.385542169,1173.48,"NULL",NA,4.8006,"",2,NA,"NULL","","Yes","NULL","NULL","NULL","King",47.35311001,-121.4937944,3850,1173.48,5.98,2.42002228,15.75,"Mt. Baker-Snoqualmie National Forest","NULL",99,"L44702",0.299666593318089,0.410711795363835,0.296918578053842,1.37,15.51,2.33,11.21,1.69,10.7059636383316,10.7059636383316,"Scout","Scout","Scout","Scout",2820.4,135.922891566265
"47","SCT",23675,"PP201_SCT_TDH",-32.7895745983422,-2.8967425654323,1.005,429.862,11.935,"PP201","TDH",NA,"duff","huckleberry",13,"Scout",1173.48,4.8006,702539.555,0,65621.32833,0,810.189533,25787.98835,1.423223033,2.578799,2.578799,0.8432,100,32.69739131,100,"9/1/2018","max",2,6,8,1,"","12:45p-4:15p","4:15p-9:30a","","",20,45,1245,20.75,0.385542169,1173.48,"NULL",NA,4.8006,"",2,NA,"NULL","","Yes","NULL","NULL","NULL","King",47.35311001,-121.4937944,3850,1173.48,5.98,2.42002228,15.75,"Mt. Baker-Snoqualmie National Forest","NULL",99,"L44702",0.299666593318089,0.410711795363835,0.296918578053842,1.37,15.51,2.33,11.21,1.69,10.7059636383316,10.7059636383316,"Scout","Scout","Scout","Scout",2820.4,135.922891566265
"48","SCT",23617,"PP202_SCT_TLE",-28.349863495513,-6.94258703006511,NA,440.27,6.896,"PP202","TLE","duo","living","conifer",13,"Scout",1173.48,4.8006,702539.555,0,65621.32833,0,810.189533,25787.98835,1.423223033,2.578799,2.578799,0.8432,100,32.69739131,100,"9/1/2018","max",2,6,8,1,"","12:45p-4:15p","4:15p-9:30a","","",20,45,1245,20.75,0.385542169,1173.48,"NULL",NA,4.8006,"",2,NA,"NULL","","Yes","NULL","NULL","NULL","King",47.35311001,-121.4937944,3850,1173.48,5.98,2.42002228,15.75,"Mt. Baker-Snoqualmie National Forest","NULL",99,"L44702",0.299666593318089,0.410711795363835,0.296918578053842,1.37,15.51,2.33,11.21,1.69,10.7059636383316,10.7059636383316,"Scout","Scout","Scout","Scout",2820.4,135.922891566265
"49","SCT",23591,"PP200_SCT_TLH",-32.5065320398704,-0.820242131953808,1.006,441.622,16.527,"PP200","TLH",NA,"living","huckleberry",13,"Scout",1173.48,4.8006,702539.555,0,65621.32833,0,810.189533,25787.98835,1.423223033,2.578799,2.578799,0.8432,100,32.69739131,100,"9/1/2018","max",2,6,8,1,"","12:45p-4:15p","4:15p-9:30a","","",20,45,1245,20.75,0.385542169,1173.48,"NULL",NA,4.8006,"",2,NA,"NULL","","Yes","NULL","NULL","NULL","King",47.35311001,-121.4937944,3850,1173.48,5.98,2.42002228,15.75,"Mt. Baker-Snoqualmie National Forest","NULL",99,"L44702",0.299666593318089,0.410711795363835,0.296918578053842,1.37,15.51,2.33,11.21,1.69,10.7059636383316,10.7059636383316,"Scout","Scout","Scout","Scout",2820.4,135.922891566265
"50","TPB",23685,"PP179_TPB_TDE",-26.1882749308633,-6.20479922799832,NA,470.966,3.861,"PP179","TDE","duo","duff","conifer",14,"Tusco Out-In Pot, Large",1112.52,4.8768,3221362.877,2066170,31844.31742,7280815.969,937.361959,22868.31184,1.748579327,2.286831,2.286831,1.548347,100,67.7071021,100,"8/6/2018","max",17,0,17,0,"","3:27p","7:08p","","",3,41,221,3.683333333,4.615384615,1112.52,"Yes",5.5,4.8768,"",2,NA,"NULL","","No","Yes","NULL","NULL","King",47.43551002,-121.4894961,3650,1112.52,6,2.428116,16,"Mt. Baker-Snoqualmie National Forest","Alpine Lakes Wilderness",2321,"L8594",0.279045990240659,0.369887457012482,0.347582972937708,1.284,13.25,1.99,12.45,1.87,0.440518600731699,36.2762643571212,"Tusco Out-In Pot, Large","Tusco Out-In Pot, Large","Tusco Out-In Pot, Large","Tusco Out-In Pot, Large",619.1,168.081447979012
"51","TPB",23620,"PP176_TPB_TLH",-30.8493586914896,-2.11873946491924,1.008,444.536,10.811,"PP176","TLH",NA,"living","huckleberry",14,"Tusco Out-In Pot, Large",1112.52,4.8768,3221362.877,2066170,31844.31742,7280815.969,937.361959,22868.31184,1.748579327,2.286831,2.286831,1.548347,100,67.7071021,100,"8/6/2018","max",17,0,17,0,"","3:27p","7:08p","","",3,41,221,3.683333333,4.615384615,1112.52,"Yes",5.5,4.8768,"",2,NA,"NULL","","No","Yes","NULL","NULL","King",47.43551002,-121.4894961,3650,1112.52,6,2.428116,16,"Mt. Baker-Snoqualmie National Forest","Alpine Lakes Wilderness",2321,"L8594",0.279045990240659,0.369887457012482,0.347582972937708,1.284,13.25,1.99,12.45,1.87,0.440518600731699,36.2762643571212,"Tusco Out-In Pot, Large","Tusco Out-In Pot, Large","Tusco Out-In Pot, Large","Tusco Out-In Pot, Large",619.1,168.081447979012
"52","TPB",23588,"PP177_TPB_TDH",-31.631357733253,-2.94405556638033,1.006,454.098,12.458,"PP177","TDH",NA,"duff","huckleberry",14,"Tusco Out-In Pot, Large",1112.52,4.8768,3221362.877,2066170,31844.31742,7280815.969,937.361959,22868.31184,1.748579327,2.286831,2.286831,1.548347,100,67.7071021,100,"8/6/2018","max",17,0,17,0,"","3:27p","7:08p","","",3,41,221,3.683333333,4.615384615,1112.52,"Yes",5.5,4.8768,"",2,NA,"NULL","","No","Yes","NULL","NULL","King",47.43551002,-121.4894961,3650,1112.52,6,2.428116,16,"Mt. Baker-Snoqualmie National Forest","Alpine Lakes Wilderness",2321,"L8594",0.279045990240659,0.369887457012482,0.347582972937708,1.284,13.25,1.99,12.45,1.87,0.440518600731699,36.2762643571212,"Tusco Out-In Pot, Large","Tusco Out-In Pot, Large","Tusco Out-In Pot, Large","Tusco Out-In Pot, Large",619.1,168.081447979012
"53","TPB",23619,"PP178_TPB_TLE",-29.3899644167709,-6.86455714410879,NA,445.313,8.456,"PP178","TLE","duo","living","conifer",14,"Tusco Out-In Pot, Large",1112.52,4.8768,3221362.877,2066170,31844.31742,7280815.969,937.361959,22868.31184,1.748579327,2.286831,2.286831,1.548347,100,67.7071021,100,"8/6/2018","max",17,0,17,0,"","3:27p","7:08p","","",3,41,221,3.683333333,4.615384615,1112.52,"Yes",5.5,4.8768,"",2,NA,"NULL","","No","Yes","NULL","NULL","King",47.43551002,-121.4894961,3650,1112.52,6,2.428116,16,"Mt. Baker-Snoqualmie National Forest","Alpine Lakes Wilderness",2321,"L8594",0.279045990240659,0.369887457012482,0.347582972937708,1.284,13.25,1.99,12.45,1.87,0.440518600731699,36.2762643571212,"Tusco Out-In Pot, Large","Tusco Out-In Pot, Large","Tusco Out-In Pot, Large","Tusco Out-In Pot, Large",619.1,168.081447979012
"54","TPS",23608,"PP172_TPS_TLH",-29.6181613674874,-8.35412765935188,1.017,427.324,10.369,"PP172","TLH",NA,"living","huckleberry",15,"Tusco Out-In Pot, Small",1109.472,3.6576,48745.2,0,13513.30581,0,342.551917,6852.014785,1.167380204,0.685202,0.685202,0.206534,100,30.1420603,100,"8/5/2018","max",7,0,7,0,"Likely 5 more fish","9:36a-1:12p","?1:12p-2:15p","","",3,36,216,3.6,1.944444444,1109.472,"Yes",5.5,3.6576,"",2,NA,"21.7","","No","Yes","NULL","NULL","King",47.43510999,-121.4920962,3640,1109.472,1.2,0.4856232,12,"Mt. Baker-Snoqualmie National Forest","Alpine Lakes Wilderness",2320,"L8433",0.471709512986123,0.593129988883178,0.471374001579468,1.106,9.77,1.47,7.76,1.17,3.60720024288416,3.60720024288416,"Tusco Out-In Pot, Small","Tusco Out-In Pot, Small","Tusco Out-In Pot, Small","Tusco Out-In Pot, Small",352.9,98.0277777777778
"55","TPS",23629,"PP173_TPS_TDH",-30.9409782068613,-3.46025327347599,1.012,434.805,8.809,"PP173","TDH",NA,"duff","huckleberry",15,"Tusco Out-In Pot, Small",1109.472,3.6576,48745.2,0,13513.30581,0,342.551917,6852.014785,1.167380204,0.685202,0.685202,0.206534,100,30.1420603,100,"8/5/2018","max",7,0,7,0,"Likely 5 more fish","9:36a-1:12p","?1:12p-2:15p","","",3,36,216,3.6,1.944444444,1109.472,"Yes",5.5,3.6576,"",2,NA,"21.7","","No","Yes","NULL","NULL","King",47.43510999,-121.4920962,3640,1109.472,1.2,0.4856232,12,"Mt. Baker-Snoqualmie National Forest","Alpine Lakes Wilderness",2320,"L8433",0.471709512986123,0.593129988883178,0.471374001579468,1.106,9.77,1.47,7.76,1.17,3.60720024288416,3.60720024288416,"Tusco Out-In Pot, Small","Tusco Out-In Pot, Small","Tusco Out-In Pot, Small","Tusco Out-In Pot, Small",352.9,98.0277777777778
"56","UML",18082,"PP14_UML_TDH",-31.8838929231972,-2.16761519194784,1.046,353.068,7.991,"PP14","TDH",NA,"duff","huckleberry",16,"Melakwa, Upper",1371.6,5.4864,872925,0,19206.7414,0,460.001721,9272.361742,1.347594846,0.927236,0.927236,0.927236,100,100,100,"8/10/2018","max",11,2,13,1,"","2:18p-6:12p","6:45p-10:15a","","",19,30,1170,19.5,0.666666667,1371.6,"NULL",4.26,5.4864,"N",2,NA,"NULL","","Yes","NULL","NULL","NULL","King",47.45261022,-121.4700959,4500,1371.6,2.11,0.85388746,18,"Mt. Baker-Snoqualmie National Forest","Alpine Lakes Wilderness",132,"L3271",0.137461276171073,0.0496351460560639,0.179296719623021,1.573,25.68,3.87,92.78,13.96,45.448885983335,45.448885983335,"Melakwa, Upper","Melakwa, Upper","Melakwa, Upper","Melakwa, Upper",2114.6,108.441025641026
"57","UML",18081,"PP13_UML_TLH",-28.9568459678961,-2.5875548351197,0.998,333.682,14.778,"PP13","TLH",NA,"living","huckleberry",16,"Melakwa, Upper",1371.6,5.4864,872925,0,19206.7414,0,460.001721,9272.361742,1.347594846,0.927236,0.927236,0.927236,100,100,100,"8/10/2018","max",11,2,13,1,"","2:18p-6:12p","6:45p-10:15a","","",19,30,1170,19.5,0.666666667,1371.6,"NULL",4.26,5.4864,"N",2,NA,"NULL","","Yes","NULL","NULL","NULL","King",47.45261022,-121.4700959,4500,1371.6,2.11,0.85388746,18,"Mt. Baker-Snoqualmie National Forest","Alpine Lakes Wilderness",132,"L3271",0.137461276171073,0.0496351460560639,0.179296719623021,1.573,25.68,3.87,92.78,13.96,45.448885983335,45.448885983335,"Melakwa, Upper","Melakwa, Upper","Melakwa, Upper","Melakwa, Upper",2114.6,108.441025641026
"58","UML",18087,"PP16_UML_TDE",-31.6299591770856,-8.18412820056806,1.953,706.243,8.87,"PP16","TDE",NA,"duff","conifer",16,"Melakwa, Upper",1371.6,5.4864,872925,0,19206.7414,0,460.001721,9272.361742,1.347594846,0.927236,0.927236,0.927236,100,100,100,"8/10/2018","max",11,2,13,1,"","2:18p-6:12p","6:45p-10:15a","","",19,30,1170,19.5,0.666666667,1371.6,"NULL",4.26,5.4864,"N",2,NA,"NULL","","Yes","NULL","NULL","NULL","King",47.45261022,-121.4700959,4500,1371.6,2.11,0.85388746,18,"Mt. Baker-Snoqualmie National Forest","Alpine Lakes Wilderness",132,"L3271",0.137461276171073,0.0496351460560639,0.179296719623021,1.573,25.68,3.87,92.78,13.96,45.448885983335,45.448885983335,"Melakwa, Upper","Melakwa, Upper","Melakwa, Upper","Melakwa, Upper",2114.6,108.441025641026
"59","UML",18085,"PP15_UML_TLE",-29.9228912584808,-0.112103958143828,1.983,710.424,10.818,"PP15","TLE",NA,"living","conifer",16,"Melakwa, Upper",1371.6,5.4864,872925,0,19206.7414,0,460.001721,9272.361742,1.347594846,0.927236,0.927236,0.927236,100,100,100,"8/10/2018","max",11,2,13,1,"","2:18p-6:12p","6:45p-10:15a","","",19,30,1170,19.5,0.666666667,1371.6,"NULL",4.26,5.4864,"N",2,NA,"NULL","","Yes","NULL","NULL","NULL","King",47.45261022,-121.4700959,4500,1371.6,2.11,0.85388746,18,"Mt. Baker-Snoqualmie National Forest","Alpine Lakes Wilderness",132,"L3271",0.137461276171073,0.0496351460560639,0.179296719623021,1.573,25.68,3.87,92.78,13.96,45.448885983335,45.448885983335,"Melakwa, Upper","Melakwa, Upper","Melakwa, Upper","Melakwa, Upper",2114.6,108.441025641026
"60","UTL",23590,"PP169_UTL_TDH",-30.0205138573947,-3.12412453397184,1,445.614,11.138,"PP169","TDH",NA,"duff","huckleberry",17,"Tuscohatchie, Upper",1225.296,66.4464,2066170,0,7280815.969,0,2084.073393,241778.7,1.195636207,24.177871,9.415421,3.026581,38.94230803,12.51797977,30.3,"8/7/2018","13.65",14,0,14,1,"Whirling (1)","11:03a-6:01p","6:01p-7:50a","","",19,47,1187,19.78333333,0.707666386,1225.296,"Yes",5.5,66.4464,"",4,NA,"NULL","","No","Yes","Tuscohatchie, Big","NULL","King",47.43261014,-121.4777957,4020,1225.296,59.5,24.078817,218,"Mt. Baker-Snoqualmie National Forest","Alpine Lakes Wilderness",651,"L4604",0.218321567963936,0.220756017812251,0.23546429796233,1.181,19.56,2.94,20.86,3.14,0.283782753031702,0.283782753031702,"Tuscohatchie, Upper","Tuscohatchie, Upper","Tuscohatchie, Upper","Tuscohatchie, Upper",519.1,26.2392586396359
"61","UTL",23592,"PP168_UTL_TLH",-30.009171133203,-6.65047514930555,1.013,455.327,12.641,"PP168","TLH",NA,"living","huckleberry",17,"Tuscohatchie, Upper",1225.296,66.4464,2066170,0,7280815.969,0,2084.073393,241778.7,1.195636207,24.177871,9.415421,3.026581,38.94230803,12.51797977,30.3,"8/7/2018","13.65",14,0,14,1,"Whirling (1)","11:03a-6:01p","6:01p-7:50a","","",19,47,1187,19.78333333,0.707666386,1225.296,"Yes",5.5,66.4464,"",4,NA,"NULL","","No","Yes","Tuscohatchie, Big","NULL","King",47.43261014,-121.4777957,4020,1225.296,59.5,24.078817,218,"Mt. Baker-Snoqualmie National Forest","Alpine Lakes Wilderness",651,"L4604",0.218321567963936,0.220756017812251,0.23546429796233,1.181,19.56,2.94,20.86,3.14,0.283782753031702,0.283782753031702,"Tuscohatchie, Upper","Tuscohatchie, Upper","Tuscohatchie, Upper","Tuscohatchie, Upper",519.1,26.2392586396359
"62","UTL",23688,"PP170_UTL_TLE",-26.9116998914384,-3.08909473963359,NA,446.389,14.099,"PP170","TLE","duo","living","conifer",17,"Tuscohatchie, Upper",1225.296,66.4464,2066170,0,7280815.969,0,2084.073393,241778.7,1.195636207,24.177871,9.415421,3.026581,38.94230803,12.51797977,30.3,"8/7/2018","13.65",14,0,14,1,"Whirling (1)","11:03a-6:01p","6:01p-7:50a","","",19,47,1187,19.78333333,0.707666386,1225.296,"Yes",5.5,66.4464,"",4,NA,"NULL","","No","Yes","Tuscohatchie, Big","NULL","King",47.43261014,-121.4777957,4020,1225.296,59.5,24.078817,218,"Mt. Baker-Snoqualmie National Forest","Alpine Lakes Wilderness",651,"L4604",0.218321567963936,0.220756017812251,0.23546429796233,1.181,19.56,2.94,20.86,3.14,0.283782753031702,0.283782753031702,"Tuscohatchie, Upper","Tuscohatchie, Upper","Tuscohatchie, Upper","Tuscohatchie, Upper",519.1,26.2392586396359
"63","UTL",23676,"PP171_UTL_TDE",-28.3346248581336,-2.89273522846977,NA,453.652,9.62,"PP171","TDE","duo","duff","conifer",17,"Tuscohatchie, Upper",1225.296,66.4464,2066170,0,7280815.969,0,2084.073393,241778.7,1.195636207,24.177871,9.415421,3.026581,38.94230803,12.51797977,30.3,"8/7/2018","13.65",14,0,14,1,"Whirling (1)","11:03a-6:01p","6:01p-7:50a","","",19,47,1187,19.78333333,0.707666386,1225.296,"Yes",5.5,66.4464,"",4,NA,"NULL","","No","Yes","Tuscohatchie, Big","NULL","King",47.43261014,-121.4777957,4020,1225.296,59.5,24.078817,218,"Mt. Baker-Snoqualmie National Forest","Alpine Lakes Wilderness",651,"L4604",0.218321567963936,0.220756017812251,0.23546429796233,1.181,19.56,2.94,20.86,3.14,0.283782753031702,0.283782753031702,"Tuscohatchie, Upper","Tuscohatchie, Upper","Tuscohatchie, Upper","Tuscohatchie, Upper",519.1,26.2392586396359
